batch,track,artists,album,popularity,explicit,uri,query
01_g_eazy_core_english,Him & I,"G-Eazy, Halsey",The Beautiful & Damned (Deluxe Edition),,True,spotify:track:2lNdc3jjPV4aWEfKH0gvH2,"artist:""G-Eazy"""
01_g_eazy_core_english,Him & I (with Halsey),"G-Eazy, Halsey",The Beautiful & Damned,,True,spotify:track:5k38wzpLb15YgncyWdTZE4,"artist:""G-Eazy"""
01_g_eazy_core_english,"Me, Myself & I","G-Eazy, Bebe Rexha",When It's Dark Out (Deluxe Edition),,True,spotify:track:5TL04XPWpL2rTK7HLBWK6N,"artist:""G-Eazy"""
01_g_eazy_core_english,LET THE WORLD BURN (with G-Eazy & Ari Abdul) - Remix,"Chris Grey, G-Eazy, Ari Abdul",LET THE WORLD BURN (with G-Eazy & Ari Abdul) [Remix],,True,spotify:track:5wNDRMkoysXZGiW4ja5Tik,"artist:""G-Eazy"""
01_g_eazy_core_english,You Don't Own Me (feat. G-Eazy),"SAYGRACE, G-Eazy",FMA,,True,spotify:track:6KI1ZpZWYAJLvmVhCJz65G,"artist:""G-Eazy"""
01_g_eazy_core_english,No Limit,"G-Eazy, A$AP Rocky, Cardi B",The Beautiful & Damned,,True,spotify:track:2DQ1ITjI0YoLFzuADN1ZBW,"""G-Eazy"" remix"
01_g_eazy_core_english,Astronaut In The Ocean (Remix) - feat. G-Eazy & DDG,"Masked Wolf, DDG, G-Eazy",Astronaut In The Ocean (Remix) [feat. G-Eazy & DDG],,True,spotify:track:1NawUUW8GmiRbJ9UkaKGY4,"""G-Eazy"" remix"
01_g_eazy_core_english,Tumblr Girls (feat. Christoph Andersson),"G-Eazy, Christoph Andersson",These Things Happen,,True,spotify:track:4Fv6wNYUixnYkj3Dgfrls8,"""G-Eazy"" remix"
01_g_eazy_core_english,Mi Cama - Remix,"KAROL G, J Balvin, Nicky Jam",Mi Cama (Remix),,False,spotify:track:38QmUDpkoYlNbMKvpvAsrE,"""G-Eazy"" remix"
01_g_eazy_core_english,Mi Cama - Remix,"KAROL G, J Balvin, Nicky Jam",OCEAN,,False,spotify:track:5yV2jwp1AZnulVkiWEorq7,"""G-Eazy"" remix"
01_g_eazy_core_english,"Black and Yellow (feat. Juicy J, Snoop Dogg & T-Pain) - G-Mix","Wiz Khalifa, Juicy J, Snoop Dogg, T-Pain",Rolling Papers (Deluxe 10 Year Anniversary Edition),,True,spotify:track:5IdzhiIoGFVOkSKHyglOta,"""G-Eazy"" remix"
01_g_eazy_core_english,GHANIMA,Marwan Pablo,EN7RAF,,True,spotify:track:6zhY6n7mfAnCW5zzmV6EX8,"""G-Eazy"" remix"
01_g_eazy_core_english,Garee2,"Mond, El Waili",Garee2,,False,spotify:track:6XKzZqXcUVVq8uqpT30WtB,"""G-Eazy"" remix"
01_g_eazy_core_english,I Mean It (feat. Remo),"G-Eazy, Remo the Hitmaker",These Things Happen,,True,spotify:track:6jmTHeoWvBaSrwWttr8Xvu,"""G-Eazy"" feat"
01_g_eazy_core_english,Same Bitches (feat. G-Eazy & YG),"Post Malone, G-Eazy, YG",beerbongs & bentleys,,True,spotify:track:688QpQAwqsLdBR6lr13wK1,"""G-Eazy"" feat"
01_g_eazy_core_english,Not Alike (feat. Royce Da 5'9),"Eminem, Royce Da 5'9""",Kamikaze,,True,spotify:track:28FGV3ORH14MYORd7s5dlU,"""G-Eazy"" feat"
01_g_eazy_core_english,"No Limit REMIX (feat. A$AP Rocky, French Montana, Juicy J & Belly)","G-Eazy, A$AP Rocky, French Montana, Juicy J, Belly","No Limit REMIX (feat. A$AP Rocky, French Montana, Juicy J & Belly)",,True,spotify:track:4yfdnCOjuDwf2Ivpo8vg8H,"""G-Eazy"" feat"
01_g_eazy_core_english,FLEXIN,Marwan Pablo,٥ نظام,,False,spotify:track:4hilPZuJldFY5ACcNRAzQv,"""G-Eazy"" feat"
01_g_eazy_core_english,333,"Tommyy, Lil Noby, Husayn",EL 3ARAB,,False,spotify:track:4UBQg7ZxU1hrAaNFvzS10C,"""G-Eazy"" feat"
01_g_eazy_core_english,Gas Lighting,Nevv,Confessions of a Broken Man,,True,spotify:track:6CTz65gF78rZW0erg1hGi3,"""G-Eazy"" type rap"
01_g_eazy_core_english,Not Alike (feat. Royce Da 5'9),"Eminem, Royce Da 5'9""",Kamikaze,,False,spotify:track:3kDMzYuhGlrdrWBaQi6xRZ,"""G-Eazy"" type rap"
01_g_eazy_core_english,Type Of Niggas,1000watts,Rap Game Eazy Volume 3,,True,spotify:track:0YKSxFOT8NgpUHkJfkRV81,"""G-Eazy"" type rap"
01_g_eazy_core_english,AURA,Marwan Pablo,EN7RAF,,False,spotify:track:3M4DRqS84IvGSmAH7BTDuF,"""G-Eazy"" type rap"
01_g_eazy_core_english,EL NAGHZA,"Abyusif, Arsenik",EL NAGHZA,,False,spotify:track:01SBYMQIsFTaBdxcKTcHMF,"""G-Eazy"" type rap"
01_g_eazy_core_english,The Beat G Eazy Lost The 2021 Freestyle In Type Beat SQB 18,Sqweeze Beats,"Rap Beats & Hooks, Vol. 3",,False,spotify:track:3MqXgkksTLws5P4SizcpdM,"""G-Eazy"" type rap"
01_g_eazy_core_english,Freezing Rap Game - Rap Instrumental Long 2017 Mix,Cletus Eazy Drake,"Not Used to This Type of Bling, Vol. 1",,False,spotify:track:55sdullGPJ8LXl9B373AED,"""G-Eazy"" type rap"
01_g_eazy_core_english,Dark Gansta Beat - Rap Instrumental 2017 Mix,Cletus Eazy Drake,"Not Used to This Type of Bling, Vol. 1",,False,spotify:track:0jNj4HLxBlUdBqGI3ZGPak,"""G-Eazy"" type rap"
01_g_eazy_core_english,"Me, Myself & I","fenekot, Seon, Drex Carter","Me, Myself & I",,False,spotify:track:6Ln7dIucQFcVGmh1NrvIva,"""Me Myself & I"" rap"
01_g_eazy_core_english,The Next Rap God,Dax,The Next Rap God,,True,spotify:track:5PJhqOoJ2VZDDSNi6AJhqm,"""Me Myself & I"" rap"
01_g_eazy_core_english,"Me, Myself & I","G-Eazy, Bebe Rexha",When It's Dark Out,,False,spotify:track:6Us2pTB7tdHp8QOMus6elQ,"""Me Myself & I"" rap"
01_g_eazy_core_english,Peter (feat. Tech N9ne),"Token, Tech N9ne",I’m Not Supposed To Be Here,,True,spotify:track:2g4p2WtBT2Pvy7tNwoQYvI,"""Me Myself & I"" rap"
01_g_eazy_core_english,Outcast,NF,Perception,,False,spotify:track:0we7ShV1o6cPTFjxOADPbC,"""Me Myself & I"" rap"
01_g_eazy_core_english,"Me, Myself and I (Reprise)",Flow Phenom,"Hip Hop Beats, Vol. 8",,False,spotify:track:0CKC1ptLRoQKcnG5JhbX0H,"""Me Myself & I"" rap"
01_g_eazy_core_english,I Stand On That (feat. Joyner Lucas & T.I.),"E-40, T.I., Joyner Lucas",I Stand On That (feat. Joyner Lucas & T.I.),,True,spotify:track:2OPmBE9njSrDBdhpHIfDn2,"""Me Myself & I"" rap"
01_g_eazy_core_english,Sex Sounds,Lil Tjay,True 2 Myself,,True,spotify:track:5JtvedSVWW9McnoEAPJwQm,"""Me Myself & I"" rap"
01_g_eazy_core_english,Solo para Mi,Ruddi Nizz,Locura y Soledad,,True,spotify:track:2268rT8GHj2WA3uotFQqmd,"""Me Myself & I"" rap"
01_g_eazy_core_english,No Limits,DaniLeigh,No Limits,,True,spotify:track:5cPdJLM4dTbC3YPs2jYAoe,"""No Limit"" rap"
01_g_eazy_core_english,Stay With Me,1nonly,Stay With Me,,True,spotify:track:4rSfauDT5mDZEkgKScAdDy,"""No Limit"" rap"
01_g_eazy_core_english,VAR,"Afroto, Wezza Montaser",VAR,,False,spotify:track:4JZFh2ZS6i0J3lpNBtgDR7,"""No Limit"" rap"
01_g_eazy_core_english,RUN IT,Stray Kids,RUN IT,,False,spotify:track:0D7q3I9Hpi7bBuFd2OFp1s,"""No Limit"" rap"
01_g_eazy_core_english,Adrenaline,ATEEZ,GOLDEN HOUR : Part.4,,False,spotify:track:2VKGO4DNyUK5UxCQB3b3DF,"""No Limit"" rap"
01_g_eazy_core_english,Abu Mecca,Marwan Pablo,Abu Mecca,,False,spotify:track:7fxNqG3Kch1LPVyw1PW5Pi,"""No Limit"" rap"
01_g_eazy_core_english,Boomshakalaka,"Starlito, Don Trip",Step Brothers THREE,,True,spotify:track:1Rr3s0QLgvsl7i6371SYMV,"""No Limit"" rap"
01_g_eazy_core_english,Boomshakalaka,"Starlito, Don Trip",Step Brothers THREE,,False,spotify:track:7CjdsS1jKWauLNRfZz89pE,"""No Limit"" rap"
01_g_eazy_core_english,I Mean It REMIX (feat. Rick Ross & Remo),"G-Eazy, Rick Ross, Remo the Hitmaker",I Mean It REMIX (feat. Rick Ross & Remo),,True,spotify:track:56Eh85ELaB7AkBI9QWbBZT,"""I Mean It"" rap"
01_g_eazy_core_english,Dies Irae feat. Black Prez,"Apashe, Black Prez",Requiem,,False,spotify:track:5nafRIDshs3RwVO0sxxgac,"""I Mean It"" rap"
01_g_eazy_core_english,Fuel - Shady Edition,"Eminem, WESTSIDE BOOGIE, GRIP",The Death of Slim Shady (Coup De Grâce): Expanded Mourner’s Edition,,True,spotify:track:68IkI6ttYOzNyS5iW2Zx70,"""I Mean It"" rap"
01_g_eazy_core_english,Get It Done,"King Von, OMB Peezy",What It Means To Be King,,True,spotify:track:4IWwjybVNBeedHYQaBG1rW,"""I Mean It"" rap"
01_g_eazy_core_english,PLEASE DONT FEED THE WOLVES,Amir Ali,HIGH STREET,,True,spotify:track:7fDorJt0lOFaSX6e5YCEKm,"""I Mean It"" rap"
01_g_eazy_core_english,Internet Track,hashiriya,Psychatrie EP,,True,spotify:track:4c6Bms2XVRmjDrWa3b6Ol9,"""I Mean It"" rap"
01_g_eazy_core_english,Kermit Drip,"Max Austin, Total Worm",Kermit Drip,,False,spotify:track:2DVuGBuFmbKXzYlOe6D4LT,"""I Mean It"" rap"
01_g_eazy_core_english,ID,"Mond, Evo",AMEN,,False,spotify:track:0zAPYUrzoc321xgy4auzP8,"""I Mean It"" rap"
01_g_eazy_core_english,На все 100,Fusion a.k.a EazyWin,На все 100,,False,spotify:track:4SIpmvKRNzjv1w2P49MBof,g eazy style
01_g_eazy_core_english,Shiny Easykid (Turreo Edit) - Rkt,Pablo Mixer,Shiny Easykid (Turreo Edit) [Rkt],,False,spotify:track:72RAUDIG7uopnDcolhKvjf,g eazy style
01_g_eazy_core_english,Easy,"Guau, Basstyler",Easy,,False,spotify:track:6Nnzjbd8ya8tHUI9f7fOHM,g eazy style
01_g_eazy_core_english,Ya Helwa Blil,DizzyTooSkinny,Ya Helwa Blil,,False,spotify:track:2OFXqFqZciTrzpG4NMwH1S,g eazy style
01_g_eazy_core_english,Ghaba,Marwan Pablo,CTRL,,False,spotify:track:7DRO3vmEuuLZCMQip3A0gR,g eazy style
01_g_eazy_core_english,El Gemeza,Marwan Pablo,El Gemeza,,False,spotify:track:14u6JosQAL3YAyXCZ7pbL4,g eazy style
01_g_eazy_core_english,Hoes Come Easy,RJMrLA,O.M.M.I.O 2,,True,spotify:track:1tVwKHwJ5OfNGIyAuM8HLL,bay area rap club
01_g_eazy_core_english,Cake (Club Mix),Rich Valentine,Cake (Club Mix),,True,spotify:track:640pFhJRj2gtrmNtIsDL1v,bay area rap club
01_g_eazy_core_english,CAJH DAY*,AG Club,BRODIE WORLD,,True,spotify:track:2HdK9EPhdMiLXbqpvwTXNf,bay area rap club
01_g_eazy_core_english,Real N***A Roll Call,"Lil Jon & The East Side Boyz, Ice Cube",Crunk Juice,,True,spotify:track:3HnhrVBybVBzp9yEQcAzfC,bay area rap club
01_g_eazy_core_english,AYZANI,Bayou,AYZANI,,False,spotify:track:65opn1GI1WWZ5j7NJMQuRL,bay area rap club
01_g_eazy_core_english,Ah,"Bayou, Nasser",'02 brince,,False,spotify:track:4BC0B5hHHDNZDFz4jw3tVo,bay area rap club
01_g_eazy_core_english,California Love - Original Version,"2Pac, Roger, Dr. Dre",Greatest Hits,,True,spotify:track:3ia3dJETSOllPsv3LJkE35,bay area rap club
01_g_eazy_core_english,BO$$ CHICK,Saweetie,THE SINGLE LIFE,,True,spotify:track:0FAKS4dY2MADctcsPbmUvm,bay area rap club
01_g_eazy_core_english,Car Clubz Ride,Speedy Loc,Cali Thuggin,,True,spotify:track:1hFKxspDq1AIGEe4i9HAte,bay area rap club
01_g_eazy_core_english,California Love - Original Version,"2Pac, Roger, Dr. Dre",Greatest Hits,,False,spotify:track:1JClFT74TYSXlzpagbmj0S,bay area rap club
01_g_eazy_core_english,I Just Wanna Party,"YG, ScHoolboy Q, Jay Rock",My Krazy Life,,True,spotify:track:17Lmf8pUgrRrEKIKkuZirE,west coast party rap
01_g_eazy_core_english,Party We Will Throw Now!,"Warren G, Nate Dogg, The Game",Party We Will Throw Now! - Single,,True,spotify:track:0KbIwqCAHmXWu7hrszXY6j,west coast party rap
01_g_eazy_core_english,Wings,Shoreline Mafia,Party Pack. Vol 2,,True,spotify:track:0MdSezTbC54SIPQkXrvHrp,west coast party rap
01_g_eazy_core_english,Westside Story,"The Game, 50 Cent",The Documentary,,True,spotify:track:0lOe1dR2TNkJMCjIcRuw6T,west coast party rap
01_g_eazy_core_english,Family Matters,Drake,Family Matters,,True,spotify:track:1wFFFzJ5EsKbBWZriAcubN,west coast party rap
01_g_eazy_core_english,Pure Water (with Migos),"Mustard, Migos",Perfect Ten,,True,spotify:track:3j84U36KvLeXNDPv4t5pI8,west coast party rap
01_g_eazy_core_english,Rockstars,"Charisma NP, Kxng Ramsey, OMACC",Rockstars,,True,spotify:track:6rdiDHvZjw2aw50VBU9CC8,west coast party rap
01_g_eazy_core_english,Bel Salama - Lorry Pt. 2 Remix,"Molotof, Wegz",Bel Salama (Lorry Pt. 2 Remix),,False,spotify:track:6MFIPU56svzgtDdy5fwmf9,west coast party rap
01_g_eazy_core_english,3Doggy's (feat. SIMOIKY & GOORA),"FU-G, SIMOIKY, GOORA",INSTINCT SOUND,,True,spotify:track:1KSaWQJob9wXHOSJyn16Q7,west coast party rap
01_g_eazy_core_english,Jae's Intro,Kageman,777,,True,spotify:track:3GZMcu22jhXrzIzRzXSleE,west coast party rap
02_english_night_drive_rap,Nightdrive,"Young Mask, Vayne",Nightdrive,,True,spotify:track:1KGTTqjweTXYEyt3HsZ2P6,night drive rap
02_english_night_drive_rap,Zim Zimma,Joyner Lucas,Evolution,,True,spotify:track:7g9DNzAU2QP88rE4BgIJpp,night drive rap
02_english_night_drive_rap,Late Night Drive 2012,"Drawn To The Sky, MedizenKid",Late Night Drive 2012,,False,spotify:track:2rxaT6rEQqt3if7CGkHDcP,night drive rap
02_english_night_drive_rap,Solar Drive @ Night,Tory Lanez,DAYSTAR,,True,spotify:track:01qXv30NBRezWvfFCuXKWr,night drive rap
02_english_night_drive_rap,Yazmeely,Mond,Origins: قبل انتفاضة,,False,spotify:track:0tcGlGR27zistncQhiNKDb,night drive rap
02_english_night_drive_rap,Dirrty (feat. Redman),"Christina Aguilera, Redman",Stripped,,False,spotify:track:59ZTxQo8rBycIXPLUIKvE2,night drive rap
02_english_night_drive_rap,Apple,Charli xcx,Brat and it’s completely different but also still brat,,False,spotify:track:0ErkCg7ofJBB10DohIHga4,night drive rap
02_english_night_drive_rap,Already All Right,Bob Peace,Ready To Live,,False,spotify:track:6rAUVJFphhAdG4dntjVp7z,night drive rap
02_english_night_drive_rap,Already All Right,Bob Peace,Ready To Live (Clean),,False,spotify:track:4wVOaWwH93xIJcnMezWBw6,night drive rap
02_english_night_drive_rap,Straight Out the Gate,"Tech N9ne, Krizz Kaliko, Serj Tankian",Something Else,,True,spotify:track:4hsncV3bzuB83dBJcnSCBl,dark melodic rap
02_english_night_drive_rap,Layali Aloomek,Dark,Layali Aloomek,,False,spotify:track:5A5fHSZl25fRenGgPd482K,dark melodic rap
02_english_night_drive_rap,Dark Thoughts,Lil Tecca,Dark Thoughts,,True,spotify:track:7EW7Yivb93qKAtp5qEm5of,dark melodic rap
02_english_night_drive_rap,Hustler's Ambition,50 Cent,Hustler's Ambition,,True,spotify:track:5gywetbpQvCD8TqcAdYc0f,dark melodic rap
02_english_night_drive_rap,Lady Of Namek,Tory Lanez,Alone At Prom,,True,spotify:track:6ieWL5CLN9WdC875guWtMe,dark melodic rap
02_english_night_drive_rap,Hustler's Ambition,50 Cent,Best Of 50 Cent,,True,spotify:track:0dZlON0G0od05O549PikZU,dark melodic rap
02_english_night_drive_rap,I LIKE,Tory Lanez,I LIKE,,True,spotify:track:5uKHTLXNcftXtYfU7j9cQ6,dark melodic rap
02_english_night_drive_rap,TRIP,Afroto,TRIP,,False,spotify:track:0cqalBJaHnliD9jONcyplZ,dark melodic rap
02_english_night_drive_rap,Hustler's Ambition,50 Cent,Get Rich Or Die Tryin'- The Original Motion Picture Soundtrack,,True,spotify:track:7t67S1XHT4jU0GCkruG34R,dark melodic rap
02_english_night_drive_rap,Wish I Never Met You - Prison Tapes,Tory Lanez,Wish I Never Met You (Prison Tapes),,True,spotify:track:7MOjhqpSpGkeRyT4agpg12,dark melodic rap
02_english_night_drive_rap,Fake Love,Phil Smooth,Fake Love,,True,spotify:track:4lHRE8ocFtktBUV2MEuaq5,smooth trap rap
02_english_night_drive_rap,Leader Bang!,"Tade Dust, Bonbero",Smooth Criminal,,True,spotify:track:7eyt1h3vPhedeDwRRLa1cG,smooth trap rap
02_english_night_drive_rap,No Role Modelz,J. Cole,2014 Forest Hills Drive,,True,spotify:track:68Dni7IE4VyPkTOH9mRWHr,smooth trap rap
02_english_night_drive_rap,Testify,6LACK,Since I Have A Lover,,True,spotify:track:3kafzvowAyLtjs6TRFaRdj,smooth trap rap
02_english_night_drive_rap,Rock Bottom,"JACE, KDM Shey, Dicken 45",Rock Bottom,,True,spotify:track:3Hl6Unt1ShdDVDQTWmqrES,smooth trap rap
02_english_night_drive_rap,"First Day Out (Freestyle), Pt. 2",Rundown Spaz,"First Day Out (Freestyle), Pt. 2",,True,spotify:track:43DRYHCJWpKCGblFKAqzGJ,smooth trap rap
02_english_night_drive_rap,Blow for Blow (feat. J. Cole),"Tee Grizzley, J. Cole",Blow for Blow (feat. J. Cole),,True,spotify:track:3rXlcLZk3MCaRPND5g9QiW,smooth trap rap
02_english_night_drive_rap,OGRA,"Xander Ghost, Marwan Pablo",OGRA,,False,spotify:track:5wQbMKn21YLtviGNWFmhpV,smooth trap rap
02_english_night_drive_rap,Moment Of Truth,Gang Starr,Moment Of Truth,,True,spotify:track:1fotoYONO343JjbC8XvPSl,smooth trap rap
02_english_night_drive_rap,The call,Young Wunna 2093,Seasons,,False,spotify:track:0hlaTMO0LSvNLlJKCF72fQ,smooth trap rap
02_english_night_drive_rap,Por Mi México (Remix),"Lefty Sm, Santa Fe Klan, Dharius, C-Kan, MC Davo, Neto Peña",Por Mi México (Remix),,True,spotify:track:2m3Fqmw1mfs39KklPmjq79,late night hip hop
02_english_night_drive_rap,Dead And Gone,"T.I., Justin Timberlake",Paper Trail,,True,spotify:track:7IhsLJMqdxoo7YAZjaSMru,late night hip hop
02_english_night_drive_rap,late at night,Roddy Ricch,late at night,,True,spotify:track:1fxYz1s15pyZLsJT0Hdh1m,late night hip hop
02_english_night_drive_rap,"Hip-Hop (feat. BigXthaPlug, Jay Jones)","Lil Wayne, BigXthaPlug, Jay Jones",Tha Carter VI,,True,spotify:track:0t5LNjml8LTuAPiEfD7zFN,late night hip hop
02_english_night_drive_rap,through the late night,Travis Scott,Birds In The Trap Sing McKnight,,False,spotify:track:2JVsVUgUH0uOHV1Sysy1wC,late night hip hop
02_english_night_drive_rap,Thong Song,Sisqo,Unleash The Dragon,,True,spotify:track:5Mmk2ii6laakqfeCT7OnVD,late night hip hop
02_english_night_drive_rap,Trap Queen,Fetty Wap,late night hip-hop,,True,spotify:track:03cmvRYavbsC3k89cKJb0j,late night hip hop
02_english_night_drive_rap,Up All Night,"Drake, Nicki Minaj",Thank Me Later (Int'l Version),,True,spotify:track:55YHftnlehUQQJoTSLKCxj,late night hip hop
02_english_night_drive_rap,23,"Mike WiLL Made-It, Miley Cyrus, Wiz Khalifa, Juicy J",23,,True,spotify:track:20FZrLl9zSbO9b3DhaqO6M,late night hip hop
02_english_night_drive_rap,Another Late Night (feat. Lil Yachty),"Drake, Lil Yachty",For All The Dogs,,True,spotify:track:17IBDpAl3J39swaoPlfGpp,late night hip hop
02_english_night_drive_rap,Hollywood's Bleeding,Post Malone,Hollywood's Bleeding,,False,spotify:track:7sWRlDoTDX8geTR8zzr2vt,melodic hip hop
02_english_night_drive_rap,family ties (with Kendrick Lamar),"Baby Keem, Kendrick Lamar",The Melodic Blue,,True,spotify:track:3QFInJAm9eyaho5vBzxInN,melodic hip hop
02_english_night_drive_rap,NISSAN ALTIMA,Doechii,Alligator Bites Never Heal,,True,spotify:track:2dKkVF2m160z0RNDN2dddc,melodic hip hop
02_english_night_drive_rap,Melodies,Marwan Pablo,آخر قطعة فنية,,False,spotify:track:0izKRFFUPvOctUpMVo9XIN,melodic hip hop
02_english_night_drive_rap,16,Baby Keem,The Melodic Blue,,True,spotify:track:1Is8hGpkGMiePASAxBluxM,melodic hip hop
02_english_night_drive_rap,Wish (feat. Trippie Redd) - Trippie Mix,"Diplo, Trippie Redd",LIFE'S A TRIP,,True,spotify:track:0c0YHn3DIQLl1opsQDd9kO,melodic hip hop
02_english_night_drive_rap,Moody! (feat. Saba),"Jean Deaux, Saba",Watch This!,,True,spotify:track:3GH8eacML602pwvPdKiLAc,moody rap
02_english_night_drive_rap,Moody Girl,Megan Thee Stallion,MEGAN,,True,spotify:track:0GahO8wCb34TPeUKbtBJku,moody rap
02_english_night_drive_rap,Oof,"Mehrad Hidden, Saman Wilson, Sohrab Mj, Moody Moussavi",Oof,,False,spotify:track:4BVUvulb6oZF6jdC0t9El5,moody rap
02_english_night_drive_rap,kendrick,Moody2k,"Moody Tape, Vol. 3",,False,spotify:track:6maUZYu8l6k5g6jn65F3YE,moody rap
02_english_night_drive_rap,Dancin - Tapesh Remix,"Aaron Smith, Luvli, Tapesh",Dancin,,False,spotify:track:4981L0rXyJJlMavtcvgdYM,moody rap
02_english_night_drive_rap,"Bitch, Please","Hodak, 2K","Moody Tapes, Volume One",,True,spotify:track:03Tg2kr82BP8dexHDjNk5e,moody rap
02_english_night_drive_rap,Rez2Y,"Mond, EVO",Origins: قبل انتفاضة,,False,spotify:track:6cpVFyQdoyKVGAah0peGxg,moody rap
02_english_night_drive_rap,AMTAR,Mousv,El Sahaba Bonus,,False,spotify:track:5AGeNYpstVBpFn8IW2KqS7,moody rap
02_english_night_drive_rap,Real Gone,Sheryl Crow,Cars (Original Motion Picture Soundtrack),,False,spotify:track:45dGKmN6jw7PgK6Dw2rEp2,rap for driving
02_english_night_drive_rap,Oh U Went,"Young Thug, Drake",Chill Rap for Driving,,True,spotify:track:02tvUbCeRQ5XxuA93Xbwsi,rap for driving
02_english_night_drive_rap,Racore,Marwan Pablo,Racore,,False,spotify:track:2GNRfmePF0jpLKYge37MFw,rap for driving
02_english_night_drive_rap,"Kick, Push",Lupe Fiasco,Chill Rap for Driving,,False,spotify:track:5hj9zGSqeZHiHR886lawMS,rap for driving
02_english_night_drive_rap,Never Have I Ever,Rainbow Kitten Surprise,Never Have I Ever,,False,spotify:track:2Ojr742JINM4QEOk7vQGEh,rap for driving
02_english_night_drive_rap,Congratulations,"Mac Miller, Bilal",Chill Rap for Driving,,True,spotify:track:3ah8JcbGpiOcfZmMcDyxD5,rap for driving
02_english_night_drive_rap,Never Have I Ever,Rainbow Kitten Surprise,Next-Gen Alternative,,False,spotify:track:6O8FbMRJgNm6bEkKaG7EZa,rap for driving
02_english_night_drive_rap,NIGHTFALL (feat. Dro Kenji),"Boslen, Dro Kenji",DUSK to DAWN,,True,spotify:track:04EvAhYmelTjLIxWzK7JLm,club rap night
02_english_night_drive_rap,2 Faced,Lil Sleep,Sleepless,,True,spotify:track:7rl6ydratKcJCeIkC4gdQu,club rap night
02_english_night_drive_rap,Club Close,"Juicy J, Wiz Khalifa",Stoner's Night,,True,spotify:track:0YaxhVjqnUdpF6f0vKw6QH,club rap night
02_english_night_drive_rap,Lolly - Single Version,"Maejor, Juicy J, Justin Bieber",Naughty Nights,,True,spotify:track:0VHp0azevcGGhiDBtoMlWN,club rap night
02_english_night_drive_rap,Sahran Belel,"Ahmed Bahaa, Lege-Cy",Sahran Belel,,False,spotify:track:3FtABfvxUrz5f8TuVep8fd,club rap night
02_english_night_drive_rap,Rock n Roll,"Leony, G-Eazy",Rock n Roll,,True,spotify:track:1T2zLWVcr4nXMrMnzyHUVl,club rap night
02_english_night_drive_rap,Can't Tame Her,Zara Larsson,VENUS,,False,spotify:track:0b8MRnjacbgVQlvLcg8JGQ,club rap night
02_english_night_drive_rap,TRRR,Shehab,Masr El Qadeema,,False,spotify:track:5QrmUcAhz4Vmoc5mAobpy7,club rap night
02_english_night_drive_rap,High Profile (feat. Gunna & Lil Gotit),"Danny Wolf, Gunna, Lil Gotit",Dark Nights In Paradise,,False,spotify:track:7LC5v3V3gTbeysLtAMp0en,club rap night
02_english_night_drive_rap,Night Drive,Paapi Muzik,Night Drive,,False,spotify:track:2QEpKKaocag4t9zDsOMooC,trap night drive
02_english_night_drive_rap,"Focus Lock (Dark Trap, 808 Bass, Night Drive)",TRAP KING MAFIA,No Fear Deep House Trap Mafia (Bass Boosted Car Music 2026),,True,spotify:track:1pwMjqHoNQ9GP4xZB5nkam,trap night drive
02_english_night_drive_rap,"Backseat Don (Deep House Trap, Car Music, Bass Boosted)",TRAP KING MAFIA,Trap Mafia Night Drive (Deep House & Bass Boosted 2026),,True,spotify:track:5oKfRlanPRNEFUFVQIPTxU,trap night drive
02_english_night_drive_rap,We Won,"Tion Wayne, Russ Millions",We Won,,True,spotify:track:0rLGYykaXj89TBOXq6Aief,trap night drive
02_english_night_drive_rap,DIGITAL,PAULTHEEOG,DIGITAL,,True,spotify:track:4uVXrQ1wRACMSVs5klZa8Z,trap night drive
02_english_night_drive_rap,Inner Monologue. (Interlude),oniluna,Genesis.,,True,spotify:track:5kOj7fpf0grbiFXBofWpIc,trap night drive
02_english_night_drive_rap,TOXIC,"Chri$tian Gate$, Dutch Melrose",No Strings Attached,,True,spotify:track:5QQj0SCBpVb9aim70Nfa6Q,toxic rap
02_english_night_drive_rap,Toxic,BoyWithUke,Serotonin Dreams,,False,spotify:track:3M214U0mwSm041GsQR3nrO,toxic rap
02_english_night_drive_rap,Toxic,BoyWithUke,Toxic,,False,spotify:track:2gQPv5jvVPqU2a9HhMNO1v,toxic rap
02_english_night_drive_rap,Toxic,VLI WEEZY,Toxic,,False,spotify:track:7311hRU1mZn3fYbWtaUlME,toxic rap
02_english_night_drive_rap,TOXIC (with Skepta),"Playboi Carti, Skepta",MUSIC,,True,spotify:track:4evMMKc2HD6fV9slMfgkMx,toxic rap
02_english_night_drive_rap,Toxic,Abyusif,Toxic,,False,spotify:track:6HQxltpW8LCAJXX7tWbMUF,toxic rap
02_english_night_drive_rap,TOXIC (with Skepta),"Playboi Carti, Skepta",MUSIC - SORRY 4 DA WAIT,,True,spotify:track:2OJ4JdnWRWlrEVueh8peoE,toxic rap
02_english_night_drive_rap,toxic city,Lil Peep,feelz,,True,spotify:track:1TYL7BonBQIssN0zpte1qQ,toxic rap
02_english_night_drive_rap,Prison Song,System Of A Down,Toxicity,,True,spotify:track:3AwLxSqo1jOOMpNsgxqRNE,toxic rap
03_english_club_rap,In Da Club,50 Cent,Get Rich Or Die Tryin',,True,spotify:track:7iL6o9tox1zgHpKUfh9vuC,club rap explicit
03_english_club_rap,(Explicit version) منافقين,"DJ Totti, Shehab",منافقين,,True,spotify:track:40OzlzlZdQqZqUl3SXh5m2,club rap explicit
03_english_club_rap,The Adventures of Moon Man & Slim Shady (with Eminem),"Kid Cudi, Eminem",The Adventures of Moon Man & Slim Shady (with Eminem),,True,spotify:track:38iBrrbbXyWaSPkmuDNgjZ,club rap explicit
03_english_club_rap,Where Them Girls At (feat. Nicki Minaj & Flo Rida),"David Guetta, Flo Rida, Nicki Minaj",Nothing but the Beat (Ultimate Edition),,True,spotify:track:7ks6AZmFcm3Y6PGGxGSmlB,club rap explicit
03_english_club_rap,2 On (feat. ScHoolboy Q),"Tinashe, ScHoolboy Q",Aquarius,,True,spotify:track:3jVtllWS5CFFWLQng8sKsr,club rap explicit
03_english_club_rap,Sticky,Drake,"Honestly, Nevermind",,True,spotify:track:4rmVZajAF7PkrCagGPHbqa,club rap explicit
03_english_club_rap,Where Them Girls At (feat. Flo Rida & Nicki Minaj),"David Guetta, Flo Rida, Nicki Minaj",Popular Tiktok Songs,,True,spotify:track:2VtjdGuvIl9tIWk4f7RSnq,club rap explicit
03_english_club_rap,Party Starter,Will Smith,Lost And Found,,False,spotify:track:12fN9BO9WpTZN5SMEsPeFH,party hip hop
03_english_club_rap,Party Up,DMX,...And Then There Was X,,True,spotify:track:0LWkaEyQRkF0XAms8Bg1fC,party hip hop
03_english_club_rap,After Party,Don Toliver,Heaven Or Hell,,True,spotify:track:527k23H0A4Q0UJN3vGs0Da,party hip hop
03_english_club_rap,Heavydirtysoul,Twenty One Pilots,Blurryface,,False,spotify:track:7i9763l5SSfOnqZ35VOcfy,party hip hop
03_english_club_rap,Party And Bullshit,The Notorious B.I.G.,Whos The Man ? Soundtrack,,True,spotify:track:5mqPg2dyqb1gBNyg9ycGcT,party hip hop
03_english_club_rap,Rock That Body,Black Eyed Peas,THE E.N.D. (THE ENERGY NEVER DIES) [Deluxe Version],,False,spotify:track:2WQ09wqQBIOor7Q0VpIDBK,party hip hop
03_english_club_rap,Empire State Of Mind,"JAŸ-Z, Alicia Keys",The Blueprint 3,,True,spotify:track:2igwFfvr1OAGX9SKDCPBwO,party hip hop
03_english_club_rap,Freek-A-Leek,Petey Pablo,Still Writing In My Diary: 2nd Entry,,True,spotify:track:4MeDnO5yA2Zi6IMlVApRci,party hip hop
03_english_club_rap,THEME OF PUNCHDRUNKERZ,Gaki Ranger,DA - PONG,,False,spotify:track:3XfnqEDpDlYGLw6HMeWHde,party hip hop
03_english_club_rap,Sucker M.C.'s,Run–D.M.C.,The Mix Tape - Volume II 60 Minutes of Funk (Explicit),,True,spotify:track:5kFTk2VJutkEN8T2x2E5KV,party hip hop
03_english_club_rap,Banger,Niman,Banger,,True,spotify:track:6poI6bCd8Yhe0p4pni6PCY,rap banger
03_english_club_rap,Thief,"Marino, BangerOfTheDay, Brennan Story",Thief,,False,spotify:track:0SBkeg0VLYhONgV7j3ryA4,rap banger
03_english_club_rap,Tamam Tamam,Summer Cem,Endstufe (Deluxe Edition),,True,spotify:track:2eRq2jwsZtb0uGH4qUsvT1,rap banger
03_english_club_rap,Breathe,Yeat,US Rap Bangers by STOKED,,True,spotify:track:1Sgwx2TtbafJEROGKkfLWc,rap banger
03_english_club_rap,Moonlight,XXXTENTACION,Rap Bangers,,True,spotify:track:4zfyY6PPyLfhZqD8Q4dNfK,rap banger
03_english_club_rap,Moonlight,XXXTENTACION,US Rap Bangers by STOKED,,True,spotify:track:6pmyaAYFg8s6tq2cdC7fnW,rap banger
03_english_club_rap,El Rap Ghayarni,"Lil Baba, Abyusif, Abo El Anwar",El Rap Ghayarni,,False,spotify:track:02CX6jUkKsOZufeh0tI1yi,rap banger
03_english_club_rap,Hop Out,"Connor Price, Nic D",Hop Out,,False,spotify:track:2Ljdd8idFPb8ZWMMSKBShC,hip hop club
03_english_club_rap,Hop Out,"Paperboys, Connor Price, Nic D",Paperboys,,False,spotify:track:6Uh5vCeMyeXOo2vlh04QTc,hip hop club
03_english_club_rap,Club Paradise,Drake,Care Package,,True,spotify:track:6MR5IBSNfDmiwnrlQpVw4w,hip hop club
03_english_club_rap,Helios Rap Remix - JerseyClub Mix,Xhomie34,Helios Rap Remix (JerseyClub Mix),,False,spotify:track:0dejOmsUWCsdIGWBMfe0lb,rap remix club
03_english_club_rap,Ego - Club Edit,Willy William,Ego (Remixes),,False,spotify:track:7bgVU3LBdMkXfcsGKHBO2W,rap remix club
03_english_club_rap,Ja Ja Ja - Pastiche/Remix/Mashup,Club Shot,Ja Ja Ja (Pastiche/Remix/Mashup),,True,spotify:track:02c3yFsoXAIxPAzc4IV3ym,rap remix club
03_english_club_rap,Killer,Eminem,Music To Be Murdered By - Side B (Deluxe Edition),,True,spotify:track:0FLIBDpU2S5bb6TfMB4NuQ,rap remix club
03_english_club_rap,Level Up (feat. Missy Elliott & Fatman Scoop) - Remix,"Ciara, Missy Elliott, Fatman Scoop",Level Up (feat. Missy Elliott & Fatman Scoop) [Remix],,False,spotify:track:0aBsXZLJDvn0QWfcIqBXq8,rap remix club
03_english_club_rap,THE BADDEST (BADDER) [feat. Ayesha Erotica],"Joey Valence & Brae, Ayesha Erotica",NO HANDS (Deluxe Edition),,True,spotify:track:4IbD6fckUgj1qrC2U5VGem,rap remix club
03_english_club_rap,Welcome To My Hood - Remix,"DJ Khaled, Ludacris, Busta Rhymes, Twista, T-Pain, Mavado, Birdman, Ace Hood, Fat Joe, Jadakiss",We The Best Forever,,True,spotify:track:2NYYUTe0vuU5Tq4smECz71,rap remix club
03_english_club_rap,Hate It Or Love It - G-Unit Remix,"50 Cent, The Game, Tony Yayo, Young Buck, Lloyd Banks",The Massacre,,True,spotify:track:6TYPoBrn53njY2C0WwdmA1,west coast club rap
03_english_club_rap,Welcome To Jamrock,Damian Marley,Welcome to Jamrock,,False,spotify:track:22AbXxQbMdVqEz7xJjhccG,west coast club rap
03_english_club_rap,Right There,"Nicole Scherzinger, 50 Cent",Killer Love (Deluxe Edition),,False,spotify:track:6ZKOTsLgLGiF6hLVm4W4D2,west coast club rap
03_english_club_rap,Playaz Club,Rappin' 4-Tay,Don't Fight The Feelin',,True,spotify:track:4ZYM6R5nOZywxACY90Bsla,west coast club rap
03_english_club_rap,Playaz Club,Rappin' 4-Tay,Don't Fight The Feelin',,True,spotify:track:22QUY8b8OjEk2uBcyPUOjC,west coast club rap
03_english_club_rap,We Be Clubbin',Ice Cube,Greatest Hits,,True,spotify:track:1GyLQQTMdVR5edmjLBHHXA,west coast club rap
03_english_club_rap,Lolly,"Maejor, Juicy J, Justin Bieber",Lolly,,True,spotify:track:2xtIAFJIMkzHGHiCrJ9iwd,strip club rap
03_english_club_rap,Tambourine,Eve,Strip Club Vibes,,True,spotify:track:20goWaEQoMLVhvaN4k28C6,strip club rap
03_english_club_rap,Trap Queen,Fetty Wap,Fetty Wap (Deluxe),,True,spotify:track:2d8JP84HNLKhmd6IYOoupQ,strip club rap
03_english_club_rap,POP DAT THANG,DaBaby,POP DAT THANG,,True,spotify:track:0kav2DxndmxlsiT3pqXZjG,strip club rap
03_english_club_rap,Gata Only (Remix),"FloyyMenor, Ozuna, Anitta",Gata Only (Remix),,True,spotify:track:0JGTfiC4Z41GEEpMYLbWwO,strip club rap
03_english_club_rap,Too Many Nights (feat. Don Toliver & with Future),"Metro Boomin, Future, Don Toliver",HEROES & VILLAINS,,True,spotify:track:2Hh3ETdQKrmSI3QS0hme7g,strip club rap
03_english_club_rap,Banger (Hard New School Beat Mix) - Rap Instrumental,SHAWN WEST Beats,Hard Gangster Rap Beats & Dark Rap Instrumentals (Hip Hop Instrumentals),,False,spotify:track:5QWs7hwFBxcklSyAOyHeZw,new school rap banger
03_english_club_rap,Ain't Smirk,Da Getta,Not A Gangsta,,True,spotify:track:2y76RcbCXEFTXbrrlVuQzP,new school rap banger
03_english_club_rap,Riptide,"Connor Price, Nic D",ICONIC,,False,spotify:track:4epWIVSZM9MLbBZE6hQNEh,new school rap banger
03_english_club_rap,60 Seconds,"Bone Thugs-N-Harmony, DJ Kay Slay, Busta Rhymes, Twista, Jaz-O",Nothing But The Hits,,True,spotify:track:1krJQDrcijvkcxhGLMxJS3,new school rap banger
03_english_club_rap,Sick Banger (Fast New School Beat Mix) - Rap Instrumental,RedHookNoodles Beats,Story Telling Rap Beats (Hip Hop Instrumentals),,False,spotify:track:4P7oJfHMGWmHxYQWMkao1F,new school rap banger
03_english_club_rap,Kol Ma Az3l,"Abo El Anwar, Abyusif, Desso, Lil Baba",Kalam Mkntsh Haaolo,,False,spotify:track:1CqnLFOGybfafuYPYKdUgI,new school rap banger
03_english_club_rap,PARIS,"TURK, ZIAD ZAZA, Dabl De",2000GEN,,True,spotify:track:4G90AW9TGH2J0xsTREoB9u,new school rap banger
03_english_club_rap,Emotionally Scarred,Lil Baby,My Turn,,True,spotify:track:7ge7BHazYbVKi8qyZUX1Bm,new school rap banger
03_english_club_rap,NO LOVE IN MY HEART,Lil Migo,Heavy Workout Rap Bangers,,True,spotify:track:7LkM0hVKmxZQftqW7EB30r,new school rap banger
03_english_club_rap,"Turn It Up, Bitch",Limp Bizkit,STILL SUCKS,,True,spotify:track:2KlKLcZPU4CptMCQ3TY5ls,turn up rap
03_english_club_rap,Turn Yo Clic Up (feat. Future),"Quavo, Future",Turn Yo Clic Up (feat. Future),,True,spotify:track:7LTCmtMpf3JPfBE8gAl64z,turn up rap
03_english_club_rap,Turn Yo Clic Up (feat. Future),"Quavo, Future",Rocket Power,,True,spotify:track:2IHdMccpnU0PGHGltqM2Sq,turn up rap
03_english_club_rap,STIEK UIT,Die Antwoord,ZAMA ZAMA,,True,spotify:track:74ZcMqzCqMZx2n7OP38C4i,turn up rap
03_english_club_rap,Ca$ino,Baby Keem,Ca$ino,,True,spotify:track:3VW6HJYa5l0uzGcCRA222P,turn up rap
03_english_club_rap,Clap,Polo G,Clap,,True,spotify:track:1qBEN3LafkXQBJ9ofV4nzM,turn up rap
03_english_club_rap,Champagne Sippa',Qwesiri,Champagne Sippa',,True,spotify:track:2mity8R0kfupQNSUmE72SP,turn up rap
03_english_club_rap,All Cap,Rippa Man,Heart and Soul,,True,spotify:track:0FtvLfDiAUnbUqX38PExtr,turn up rap
03_english_club_rap,TRAP PARTY,Justraw,YOUR FAV KID IN THE CLIQUE,,True,spotify:track:6fKcsridf8jC6WN7ediRb8,trap party
03_english_club_rap,Trap Party,Smash Beats,Bangin’ Street Beats,,False,spotify:track:3xYKMm0hIKxp7CkKF1Im4P,trap party
03_english_club_rap,Trap Party,StarterKit Duke,Trap Party,,True,spotify:track:6sdi09R624u08s4IBWauNA,trap party
03_english_club_rap,Trap Party,Euro5tar,"Chalet Mu5ik, Vol. 3",,True,spotify:track:4NIZUExTosBvg44dlkgwDL,trap party
03_english_club_rap,Trap Party,Lyta,LEAK,,False,spotify:track:3DxgD1tm0byKR3W8btSmui,trap party
03_english_club_rap,TBH,PARTYNEXTDOOR,PARTYNEXTDOOR,,False,spotify:track:236P5yLtfnHgTMxevc0q6F,trap party
03_english_club_rap,Break from Toronto,PARTYNEXTDOOR,PARTYNEXTDOOR,,True,spotify:track:5fEB6ZmVkg63GZg9qO86jh,trap party
04_english_trap_melodic,Reflex,SAINt JHN,Collection One,,True,spotify:track:0GA850AWIBdMW3Cfd4ptds,melodic trap
04_english_trap_melodic,On The Road (feat. Meek Mill & Lil Baby),"Post Malone, Meek Mill, Lil Baby",Hollywood's Bleeding,,True,spotify:track:12Fkyg9lpmaz2zmKOfw2Y2,melodic trap
04_english_trap_melodic,Noticed,Lil Mosey,Northsbest (Extended),,True,spotify:track:7zLYKWcXnYeHHWidalz7rj,melodic trap
04_english_trap_melodic,Had Enough (feat. Quavo & Offset),"Don Toliver, Offset, Quavo",Heaven Or Hell,,True,spotify:track:6SPgp2qK3fb4wPX1SldrNf,melodic trap
04_english_trap_melodic,Melodies (Red Bull Symphonic),Marwan Pablo,Red Bull Symphonic,,False,spotify:track:6LigLK1a93CI6eRKHMS7S0,melodic trap
04_english_trap_melodic,Khalsa Maaya,"Shehab, Mello Music",Khalsa Maaya,,False,spotify:track:6PGkqugqfE9HQ0MDo1tgmj,melodic trap
04_english_trap_melodic,In My Room,Danté James,Like I Never Left,,False,spotify:track:4izQD1sMOCBDQsGMo2NFC7,trap rap melodic
04_english_trap_melodic,In My Room,Danté James,In My Room,,False,spotify:track:73rB6JFdxjGaZ1CQvcetCI,trap rap melodic
04_english_trap_melodic,DON'T KILL THE PARTY (feat. Quavo & Juicy J),"Ty Dolla $ign, Quavo, Juicy J",TYCOON,,True,spotify:track:4YmsnZcxHEGEqHB3K0vdt0,rap melodic explicit
04_english_trap_melodic,20 Min,Lil Uzi Vert,Luv Is Rage 2 (Deluxe),,True,spotify:track:0uxSUdBrJy9Un0EYoBowng,rap melodic explicit
04_english_trap_melodic,Let Me Know (I Wonder Why Freestyle),Juice WRLD,Let Me Know (I Wonder Why Freestyle),,True,spotify:track:3wwo0bJvDSorOpNfzEkfXx,rap melodic explicit
04_english_trap_melodic,Push it to the Limit,"Necro, Jasta",The Pre-Fix For Death,,True,spotify:track:3JG4W8xLU53o7FeIqSjq9z,rap melodic explicit
04_english_trap_melodic,Opals,Pozer,Crossroads,,True,spotify:track:63aaA8vKiPpkJali5dz0T8,rap melodic explicit
04_english_trap_melodic,CITY,"Omar Keif, Mousv",MAFHOOM,,False,spotify:track:1ys3nKD3NbnOsy9jNHcpek,rap melodic explicit
04_english_trap_melodic,Autotune,Damso,Batterie faible,,True,spotify:track:1H7hJnHjlOgb2IOuBgy3Ec,autotune rap
04_english_trap_melodic,Не отлипал,PUSSYKILLER,Не отлипал,,True,spotify:track:1PSrWCtt2qhok09miqRy9r,autotune rap
04_english_trap_melodic,Джанки,"YUNGWAY, MAYOT",NON AUTOTUNE TAPE VOL.1,,True,spotify:track:6J5fWikHKeFNs1aiQHJDZb,autotune rap
04_english_trap_melodic,Контакт (Prod. by CONCENTRACIA),"PUSSYKILLER, Экси",AMNESIA,,True,spotify:track:7nfNOrTGIUYeFpHeacI2Ka,autotune rap
04_english_trap_melodic,База,"YUNGWAY, A-THIS 52",NON AUTOTUNE TAPE VOL.1,,True,spotify:track:616OQjUsM5ne96azVYEMw0,autotune rap
04_english_trap_melodic,BABY SHARK,"Omar Keif, ZIAD ZAZA",BABY SHARK,,False,spotify:track:0kk9vdY4MkMkUHXChid1uF,autotune rap
04_english_trap_melodic,2Deep,Chop k9,Autotune Tape,,True,spotify:track:76huQFMfid5ubcw54x3mhS,autotune rap
04_english_trap_melodic,Designer,"Hauhwii, Bangers Only, 404vincent",Designer,,True,spotify:track:0SzsVQB4gK7KRHWycVeFeZ,sad trap banger
04_english_trap_melodic,Overwhelmed,"Jauque X, sadgods, 静的 Static",Overwhelmed,,True,spotify:track:2I7AOB4IkQvBuQ0ujiUtSo,sad trap banger
04_english_trap_melodic,Trust Nothing (feat. Moneybagg Yo),"King Von, Moneybagg Yo",What It Means To Be King,,True,spotify:track:41jxlPqpPqiky977DkJrpY,sad trap banger
04_english_trap_melodic,CRANK [SUMN],DaBaby,BE MORE GRATEFUL,,True,spotify:track:2GQ0gpHjtOtsqw8DAZZQUa,sad trap banger
04_english_trap_melodic,All These Niggas (feat. Lil Durk),"King Von, Lil Durk",Welcome to O'Block,,True,spotify:track:4g27tVPyGHi38dczFoJZZy,sad trap banger
04_english_trap_melodic,Better Days,MoonGuy,MY SIDE OF THE MOON,,True,spotify:track:5ffxKvNNs3gpeavZuwvgS5,sad trap banger
04_english_trap_melodic,OPEN SCARS,BiGDwG Eltee,"Forget About It, It's Too Late",,True,spotify:track:17AqsYasvkWXrZRxiiLulO,sad trap banger
04_english_trap_melodic,Don Toliver Type Beat 2025 - Freestyle Beats 2025,Type Beat,Freestyle Beats 2025,,False,spotify:track:2aUqSP4Ho0CoX1PjSsla3R,Don Toliver type
04_english_trap_melodic,Type Shit,"Future, Metro Boomin, Travis Scott, Playboi Carti",WE DON'T TRUST YOU,,True,spotify:track:28drn6tQo95MRvO0jQEo5C,Don Toliver type
04_english_trap_melodic,E85,Don Toliver,OCTANE,,True,spotify:track:3B4cjvGlPvyBLNG3AzEgkZ,Don Toliver type
04_english_trap_melodic,Don Toliver Type Beat 4,CORVO BEATS,Type Beat Don Toliver,,False,spotify:track:2XUecFh4yuXaJVDHvPvu54,Don Toliver type
04_english_trap_melodic,Don Toliver Type Beat 1,CORVO BEATS,Type Beat Don Toliver,,False,spotify:track:3plOWT0xsESJ3Hk4uzMOIm,Don Toliver type
04_english_trap_melodic,"Don Toliver Type Beat ""Focus in Deep""",L€N4VI,"Don Toliver Type Beat ""Focus in Deep""",,False,spotify:track:7D7LmsHO1Wfkg50XJBn6ZN,Don Toliver type
04_english_trap_melodic,Eat It Up,"Lil Vada, DonnySolo",Eat It Up,,True,spotify:track:1LYJJ6e8Zj8B2Wx5WmAohe,Don Toliver type
04_english_trap_melodic,Streets,Doja Cat,Hot Pink,,False,spotify:track:7BuzRZy8aanLYuPBoH5cxN,Don Toliver type
04_english_trap_melodic,WHATS POPPIN,Jack Harlow,Sweet Action,,False,spotify:track:6EK6MRqtfGPjBXHHQGiVjQ,Don Toliver type
04_english_trap_melodic,Tory Lanez x DaBaby Type Beat,Type Beat,Type Beats 2021,,False,spotify:track:5qJlvh72h4ntdQG8uVXqvq,Tory Lanez type
04_english_trap_melodic,The Color Violet,Tory Lanez,Alone At Prom,,False,spotify:track:3azJifCSqg9fRij2yKIbWz,Tory Lanez type
04_english_trap_melodic,Tory Lanez Type Beat,"Hip Hop Instrumental, Bass Boosted HD, Type Beat Brasil",Tory Lanez Type Beat,,True,spotify:track:6mmsKE03kMNBpThqZy09tP,Tory Lanez type
04_english_trap_melodic,"Tory Lanez Type Beat - ""Lost My Faith"" | RnB Type Beat | Rap Instrumental","Sombre Beats, Nader Beats",Melo Trap (Vol 4),,False,spotify:track:0h8poMTfFx2rP8bZ5XbsOD,Tory Lanez type
04_english_trap_melodic,My Type,"YNW Bortlen, Tory Lanez",Sport Mode,,True,spotify:track:6bZLa7kXMSSP85wb7J1BMF,Tory Lanez type
04_english_trap_melodic,SILVER TOOTH. (with A$AP Ferg),"Armani White, A$AP Ferg",Road to CASABLANCO.,,True,spotify:track:5Xb9LkVG98JiLorzV9O56r,Tory Lanez type
04_english_trap_melodic,SILVER TOOTH. (with A$AP Ferg),"Armani White, A$AP Ferg",SILVER TOOTH.,,True,spotify:track:7fhcDui4AKQydfFoXILsso,Tory Lanez type
04_english_trap_melodic,LUV - Remix,"Tory Lanez, Sean Paul",LUV (Remix),,True,spotify:track:4WwHFY7aJ6bUcugjb30DDW,Tory Lanez type
04_english_trap_melodic,Air Max,"Rim'K, Ninho",Mutant,,True,spotify:track:2qIj2igCag4Rm1tmxYdhO0,Tory Lanez type
04_english_trap_melodic,Drowning (feat. Kodak Black),"A Boogie Wit da Hoodie, Kodak Black",Water (Drowning Pt. 2) [feat. Kodak Black],,True,spotify:track:7tZtR4ljldIpB6Q1CqzDI2,A Boogie type
04_english_trap_melodic,Look Back at It,A Boogie Wit da Hoodie,Hoodie SZN,,True,spotify:track:3Ol2xnObFdKV9pmRD2t9x8,A Boogie type
04_english_trap_melodic,Drowning (feat. Kodak Black),"A Boogie Wit da Hoodie, Kodak Black",Drowning (feat. Kodak Black),,False,spotify:track:0XToCg11lPrt6YXj0ercaV,A Boogie type
04_english_trap_melodic,Secrets,A Boogie Wit da Hoodie,Artist 2.0 (Deluxe),,True,spotify:track:2xB46Bj9HZ4cr058yN4Pla,A Boogie type
04_english_trap_melodic,My Shit,A Boogie Wit da Hoodie,Artist,,True,spotify:track:5uQOauh47VFt3B2kV9kRXw,A Boogie type
04_english_trap_melodic,Pull Over,Ludacris,Pull Over,,True,spotify:track:0wHgsYlk5WR4j98qQwOQym,A Boogie type
04_english_trap_melodic,A BOOGIE TYPE BEAT SKATTEBO,Ambition Beatz,ROOTED UNBROKEN,,False,spotify:track:3V5sMRvXXZYGPt92xnf282,A Boogie type
04_english_trap_melodic,Best Pop Smoke x A Boogie Type Beat - _Ghetto Symphony_ (Free Download),New free instrumental beat,RIP POP SMOKE,,False,spotify:track:1Edb6GkzxUqR2MM0DGS9Yh,A Boogie type
04_english_trap_melodic,Feel The Real Again #2 With Horns,David Bendeth,Just Dessert,,False,spotify:track:0kZ024R3kIK3HpSmwKKv0s,A Boogie type
04_english_trap_melodic,I Was There,David Bendeth,Just Dessert,,False,spotify:track:5QDpHXGIETBugIbji1QScc,A Boogie type
04_english_trap_melodic,Balkan Type Beat,navy,15 Minutes of Flame,,True,spotify:track:7q0c0stmGkMIYAQZL4q9UT,NAV type rap
04_english_trap_melodic,Lemonade (feat. NAV),"Internet Money, Gunna, Don Toliver, NAV",B4 The Storm,,True,spotify:track:1p0rEzrK7YtdRZVtiyV7RN,NAV type rap
04_english_trap_melodic,RAP DEVIL,mgk,RAP DEVIL,,True,spotify:track:63TyoT9Ee03rQxv8xmdJ2l,NAV type rap
04_english_trap_melodic,Everywhere We Go,SonReal,Everywhere We Go Single,,False,spotify:track:0vdbvgggS673fhvHdrU34E,NAV type rap
04_english_trap_melodic,"BIG BANK (feat. 2 Chainz, Big Sean, Nicki Minaj)","YG, 2 Chainz, Big Sean, Nicki Minaj",STAY DANGEROUS,,True,spotify:track:0ZNrc4kNeQYD9koZ3KvCsy,NAV type rap
04_english_trap_melodic,Professional Rapper (feat. Snoop Dogg),"Lil Dicky, Snoop Dogg",Professional Rapper,,True,spotify:track:5TlAXiBCBwiQnIZUAA4Jkg,NAV type rap
04_english_trap_melodic,Trap/Rap Type Beat (BAR),Navarone Turner VIII,Trap/Rap Type Beat (BAR),,False,spotify:track:6hsCTqLIoCX3ZxxpfETEJ3,NAV type rap
04_english_trap_melodic,Navidad Oscura BoomBap Base Beat Pista de Rap Hip Hop Type 90s,Pablo_On_The_Beats,Type Beats 90s,,False,spotify:track:6MM70PTU9rFgO5b0jznQxK,NAV type rap
04_english_trap_melodic,Nave Importada,"Hip Hop Instrumental, UK Drill Type Beat, UK Rap",Nave Importada,,False,spotify:track:1TuXWGuvmMub3ts1d1Vx7k,NAV type rap
04_english_trap_melodic,Better Now,Post Malone,beerbongs & bentleys,,True,spotify:track:7dt6x5M1jzdTEt8oCbisTK,Post Malone type rap
04_english_trap_melodic,rockstar (feat. 21 Savage),"Post Malone, 21 Savage",beerbongs & bentleys,,True,spotify:track:0e7ipj03S05BNilyu5bRzt,Post Malone type rap
04_english_trap_melodic,Wow.,Post Malone,Hollywood's Bleeding,,True,spotify:track:7xQAfvXzm3AkraOtGPWIZg,Post Malone type rap
04_english_trap_melodic,"I Will (feat. KXNG Crooked, Royce Da 5'9"" & Joell Ortiz)","Eminem, KXNG Crooked, Royce Da 5'9"", Joell Ortiz",Music To Be Murdered By,,True,spotify:track:3CJbxqRQ0JNCqboWDNUUeX,Post Malone type rap
04_english_trap_melodic,Sunflower - Spider-Man: Into the Spider-Verse,"Post Malone, Swae Lee",Hollywood's Bleeding,,False,spotify:track:0RiRZpuVRbi7oqRdSMwhQY,Post Malone type rap
04_english_trap_melodic,"I Will (feat. KXNG Crooked, Royce Da 5'9"" & Joell Ortiz)","Eminem, KXNG Crooked, Royce Da 5'9"", Joell Ortiz",Music To Be Murdered By - Side B (Deluxe Edition),,True,spotify:track:7pEDNYd1Lf4xudWGrtVH8b,Post Malone type rap
04_english_trap_melodic,"21 Savage & Post Malone Type Beat ""Rockstar""",L€N4VI,Rap Tribute,,False,spotify:track:0Xm5cIWoJfczhLk0qHrM1i,Post Malone type rap
04_english_trap_melodic,BabyWipe,Ski Mask The Slump God,You Will Regret (Reloaded),,True,spotify:track:1jUZSuXhfzJB2Z2sTP8Aww,Post Malone type rap
04_english_trap_melodic,"I Will (feat. KXNG Crooked, Royce Da 5'9"" & Joell Ortiz)","Eminem, KXNG Crooked, Royce Da 5'9"", Joell Ortiz",Music To Be Murdered By - Side B (Deluxe Edition),,False,spotify:track:32FNrsos3zFMGh94pMd8FH,Post Malone type rap
04_english_trap_melodic,Bruh...,Lil Dicky,Professional Rapper,,True,spotify:track:4roDTLs05yU9RpSBqwfKQ3,Post Malone type rap
05_english_new_school_mix,Homicide (feat. Eminem),"Logic, Eminem",Confessions of a Dangerous Mind,,True,spotify:track:7M2tXmeS15NAzEn7ABFeBg,new school rap
05_english_new_school_mix,Numbers,Logic,YS Collection Vol. 1,,True,spotify:track:4j9O2n3czrw000jY8ouJZ8,new school rap
05_english_new_school_mix,YSIV,Logic,YSIV,,True,spotify:track:3irKogkH8P1B1nONmEcHgY,new school rap
05_english_new_school_mix,Давай заново,YASMI,Давай заново,,True,spotify:track:17LrlJL8HV03ZJgY6AgGal,new school rap
05_english_new_school_mix,Hoodtrapstar,Icegergert,From Sparta to Padre,,True,spotify:track:7N1AiJjucLwjTBvRajtnW0,new school rap
05_english_new_school_mix,Money Trees,"Kendrick Lamar, Jay Rock","good kid, m.A.A.d city (Deluxe)",,True,spotify:track:0UtnpKaReKUg2GquaSxCyD,new school rap
05_english_new_school_mix,Alive,Hugo Loud,Ghost Mode / No Colors,,True,spotify:track:22wA8mwE45XG9KtQm1O1p5,new school rap
05_english_new_school_mix,Brand New Guy (feat. ScHoolboy Q),"A$AP Rocky, ScHoolboy Q",LIVE.LOVE.A$AP,,True,spotify:track:6haTrice1PU59Kd7esp3w1,new school rap
05_english_new_school_mix,AKHER EL-YOUM,"Begad, EVO",BARA EL BEIT,,False,spotify:track:7q0jUZnRNI8cZCnnEDMn9J,new school rap
05_english_new_school_mix,HEATSEEKER,"$werve, Ethan Ross, CAIRO!",365,,True,spotify:track:2JqrzA0LAfgzrbxjg9CCS8,trap hits
05_english_new_school_mix,Moonlight,XXXTENTACION,TRAP HITS : BANGERS ONLY (2010-2022),,True,spotify:track:0jXplPx7gvwyvUaZ5LCCuR,trap hits
05_english_new_school_mix,Tunnel Vision,Kodak Black,Next Up - Trap Hits,,True,spotify:track:06dIatXTd817W3Wj2qExaQ,trap hits
05_english_new_school_mix,Top Charts,Karim Osama,Top Charts,,False,spotify:track:3YuSxi0bVURTfamizdmhQi,trap hits
05_english_new_school_mix,Come & Go,"Juice WRLD, Marshmello",Certified Trap Hits,,True,spotify:track:2m6FKtD0cte3SNBImeqDvV,trap hits
05_english_new_school_mix,Wish - Audiomack Trap Symphony Version,Trippie Redd,Hits To Go,,True,spotify:track:0ROWHaWAmYKNuUqZofYwbI,trap hits
05_english_new_school_mix,Stuff,"Lil Baby, Travis Scott",Mega Hits 2025,,True,spotify:track:5rKJWbcPUOOpvdJ3PnBFsz,trap hits
05_english_new_school_mix,Lose Yourself,Eminem,Curtain Call: The Hits (Deluxe Edition),,True,spotify:track:5Z01UMMf7V1o0MzF86s6WJ,hip hop hits explicit
05_english_new_school_mix,Up Down (Do This All Day) (feat. B.o.B),"T-Pain, B.o.B",Happy Hour: The Greatest Hits,,True,spotify:track:6lbhWl34Il0WXm5pX1fM9E,hip hop hits explicit
05_english_new_school_mix,Hit 'Em Up - Single Version,"2Pac, Outlawz",Greatest Hits,,True,spotify:track:0Z2J91b2iTGLVTZC4fKgxf,hip hop hits explicit
05_english_new_school_mix,You Can Do It,"Ice Cube, Mack 10, Ms. Toi",War & Peace Vol. 2 (The Peace Disc),,True,spotify:track:4NTn0Yo8hTGW5tbBANBzfh,hip hop hits explicit
05_english_new_school_mix,You Can Do It,"Ice Cube, Mack 10, Ms. Toi",At Tha Movies,,True,spotify:track:1xMPwgmLHVXkIFYL0rvGiZ,hip hop hits explicit
05_english_new_school_mix,Gorgeous - Album Version (Edited),"Kanye West, Kid Cudi, Raekwon",My Beautiful Dark Twisted Fantasy,,False,spotify:track:6AIZHjujMcYXIZB83K9PvP,hip hop hits explicit
05_english_new_school_mix,MTMSHISH,"Marwan Pablo, Abyusif",7OB&KASHAT,,False,spotify:track:2epv0Qcqn21L9JD4oawKxQ,hip hop hits explicit
05_english_new_school_mix,RAP 2026,УННВ,RAP 2026,,True,spotify:track:6iaUqfJPNfZD6FzZcSASvq,rap 2024
05_english_new_school_mix,KEBDA,"Afroto, ONUY",أفضل أغانى 2024,,False,spotify:track:1CJfW1UzQqVP56iaViJKaa,rap 2024
05_english_new_school_mix,RAP 2026,УННВ,RAP 2026,,True,spotify:track:5l78Ujmakxdo28MWTPIPHE,rap 2024
05_english_new_school_mix,ستاموني,"Shehab, DJ Totti",ستاموني,,False,spotify:track:6OQTrnd88HzQpHUxeyaMRY,rap 2024
05_english_new_school_mix,Rapture,Evanescence,Sanctuary,,False,spotify:track:7rA5tlA3YoHwv1tOxDbxwF,rap 2024
05_english_new_school_mix,Meen Ysadak,"nour, Eldab3",Meen Ysadak,,False,spotify:track:2So4UdTcMQe2ap2VpC43eD,rap 2024
05_english_new_school_mix,ARIGATŌ,"Afroto, DizzyTooSkinny",VILLAIN,,False,spotify:track:6haDH6LJRmwwtrEMfzIwGW,rap 2024
05_english_new_school_mix,Moonwalkin',LNGSHOT,SHOT CALLERS,,False,spotify:track:46V2ciN6F5bxjQWityNhkY,rap 2024
05_english_new_school_mix,Be3teeny Leh | Red Bull Mazzika Salonat,"Amr Mostafa, ZIAD ZAZA, Moataz Mady, Red Bull Sika",Be3teeny Leh | Red Bull Mazzika Salonat,,False,spotify:track:2fOoMpwfcLaOw3rPrbHgyO,rap 2025
05_english_new_school_mix,El Ayam,Wegz,Aqareb,,False,spotify:track:0trJ6hrLHHHaXZYMe1JLnb,rap 2025
05_english_new_school_mix,Hsh,Karim Osama,Hsh,,False,spotify:track:6HXMddNIL3WBDvaZcHvkXB,rap 2026
05_english_new_school_mix,7ALA,Afroto,7ALA,,False,spotify:track:7fEyhhziqOJwzNTK0gb8FO,rap 2026
05_english_new_school_mix,Don’t hide,So Supa,Supa vs Sligga,,True,spotify:track:6yJIO8264hq1hCbBLU0C0X,viral rap
05_english_new_school_mix,Shhh (Pew Pew) [Slowed + Reverb],Young Fanatic,Shhh (Pew Pew) [Slowed + Reverb],,True,spotify:track:40NU01ZkeQlzMfUuf4aWNm,viral rap
05_english_new_school_mix,Hit tha Roof,Speed Gang,Hit tha Roof,,True,spotify:track:5LUUJL8EfdmBWNS66wD7B5,viral rap
05_english_new_school_mix,Viral Rap,"Ysr Gramz, YN Jay",Flint Tropics,,True,spotify:track:4OjIB3E7kpLURveImwOral,viral rap
05_english_new_school_mix,IT'S THE CASH FAULT,QUANTRELL,IT'S THE CASH FAULT,,True,spotify:track:5lKBvDIR941yvwBloegnJP,viral rap
05_english_new_school_mix,Time of Our Lives,"Pitbull, Ne-Yo",Globalization,,True,spotify:track:2bJvI42r8EF3wxjOuDav4r,drill rap club
05_english_new_school_mix,ATTITUDE (FEAT. CHARLIE WILSON & CASH COBAIN),"Don Toliver, Charlie Wilson, Cash Cobain",HARDSTONE PSYCHO,,True,spotify:track:724YXkrlOINBst64isK3KP,drill rap club
05_english_new_school_mix,Salt Shaker,"Ying Yang Twins, Lil Jon & The East Side Boyz",Me & My Brother,,True,spotify:track:4Kd0FzFpOgIGxlBl4HXuFn,drill rap club
05_english_new_school_mix,ATTITUDE (FEAT. CHARLIE WILSON & CASH COBAIN),"Don Toliver, Charlie Wilson, Cash Cobain",HARDSTONE PSYCHO,,True,spotify:track:2StLVmvyGXq4tzlpWZiUh3,drill rap club
05_english_new_school_mix,Дом с привидениями,"OBLADAET, FRIENDLY THUG 52 NGG",PLAYERS CLUB 2,,True,spotify:track:3oD1BMuoUVmRlT7TBLOj5G,drill rap club
05_english_new_school_mix,"Presidential (with Jenn Carter, Kyle Richh,TaTa)","41, Jenn Carter, Kyle Richh, TaTa",Chill Guy / Presidential,,True,spotify:track:5RhLGbNLr8oGGbLuxJkjf5,drill rap club
05_english_new_school_mix,Acharuli Gandagana - Trap Remix Edit,Georgian Folk,Acharuli Gandagana (Trap Remix),,False,spotify:track:3WMdKAne7dSmlMfDSzMHxm,trap remix
05_english_new_school_mix,Billie Jean - Trap Remix,HoodTrap Shooter,Billie Jean (Trap Remix),,False,spotify:track:4AXm4WD246miqzv4ubjcmM,trap remix
05_english_new_school_mix,Acharuli Gandagana - Trap Remix,Georgian Folk,Acharuli Gandagana (Trap Remix),,False,spotify:track:62KbW5VXHyBNyAV4Nc14Yg,trap remix
05_english_new_school_mix,Trap Remix,775,Trap Remix,,False,spotify:track:31YkJzMWWF9lHFJAwtF8sP,trap remix
05_english_new_school_mix,Confidence (Hoodtrap RMX),Unjaps,Confidence (Hoodtrap RMX),,False,spotify:track:2eoQQT1nInKmgwdBXtngwe,trap remix
05_english_new_school_mix,Hot (Remix) [feat. Gunna and Travis Scott],"Young Thug, Travis Scott, Gunna",So Much Fun (Deluxe),,True,spotify:track:4ea9w8c4ROqiZpJVhfBA3m,trap remix
05_english_new_school_mix,Trap King Beat Seven,Saucemankeys,"Trap King, Vol. 1",,False,spotify:track:1lngJWqH2tLzKqr6FgDDD1,trap remix
05_english_new_school_mix,Trap Queen Beat Seven,Saucemankeys,Trap Queen Vol. 1,,False,spotify:track:3AzkdVxrkYzDZubpG2IQ2b,trap remix
05_english_new_school_mix,Trap Queen Beat Five,Saucemankeys,Trap Queen Vol. 1,,False,spotify:track:4dSlFRSJoFCliYNPSO1yoA,trap remix
05_english_new_school_mix,Mahmouma – Trap,TranzVibe Records,Mahmouma – Trap,,False,spotify:track:6TsiV3aldyoycb16y5xprx,trap remix
05_english_new_school_mix,Old Town Road (feat. Billy Ray Cyrus) - Remix,"Lil Nas X, Billy Ray Cyrus",7,,False,spotify:track:2YpeDb67231RjR0MgVLzsG,hip hop remix
05_english_new_school_mix,Not Like Us,Kendrick Lamar,Not Like Us,,True,spotify:track:6AI3ezQ4o3HUoP6Dhudph3,hip hop remix
05_english_new_school_mix,Mas Que Nada,"Sérgio Mendes, Black Eyed Peas",Timeless,,False,spotify:track:6U7GUjtamt2P0LcFod1dBT,hip hop remix
05_english_new_school_mix,RHLFRĖ,"Marwan Pablo, Xander Ghost",PRJKTBLUBEAM,,False,spotify:track:2wmp1eEKI2Ai5K0yIAP2gU,hip hop remix
05_english_new_school_mix,Tripod,Lege-Cy,Placebo,,False,spotify:track:4nydbqIi7U7DMM3ZGQEjtE,hip hop remix
06_spanish_malianteo_boricua,MALIANTEO,"The Rudeboyz, Ryan Castro, JC Reyes",MALIANTEO,,True,spotify:track:4HxHuTn5m8mvwstavPF8yE,malianteo
06_spanish_malianteo_boricua,Malianteo,"Ronny GTA, Papa Jeison",Malianteo,,True,spotify:track:3U5bWTSYJMVJDBOXBh58md,malianteo
06_spanish_malianteo_boricua,Malianteo,La Joaqui,ML APRENDIDA,,False,spotify:track:2bvd7zLOfkyvfyXCx38O4G,malianteo
06_spanish_malianteo_boricua,"El Malianteo No Muere (feat. Pusho, Ñengo Flow, Farruko & Arcangel)","Benny Benni, Pusho, Ñengo Flow, Farruko, Arcángel","El Malianteo No Muere (feat. Pusho, Ñengo Flow, Farruko & Arcangel)",,True,spotify:track:59Amclly57vIPV9LQmLDUr,malianteo
06_spanish_malianteo_boricua,Malianteo,"Potencia Lirical, Haraca Kiko, Jay santana prod",Malianteo,,True,spotify:track:1nhb4Bam7u3rT16v6omyZs,malianteo
06_spanish_malianteo_boricua,BAJA AL MALIANTEO,"Xiyo, Fernandezz, dn.aire",$F VERANO MIX VOL.2,,True,spotify:track:4cl5rK807BQVPjK22DbrOu,malianteo
06_spanish_malianteo_boricua,Malianteo,"John Jay, Randy Glock",Malianteo,,True,spotify:track:3USQuN4YfES61mDGOATYpS,malianteo
06_spanish_malianteo_boricua,MALIANTEO,Virality Music,MALIANTEO,,False,spotify:track:5qhWpkuVNfqI9ElNVQLUOQ,malianteo
06_spanish_malianteo_boricua,Malianteo,Bella Oscura,El dolor que se volvió flow,,False,spotify:track:2D1JNlqg0Qxg39qkmLC99a,malianteo
06_spanish_malianteo_boricua,Maliante,"Brayant el Sicario, Luis Dinero RD, Arygeldelocontacto",Maliante,,False,spotify:track:0Mv425SRIwpZJTIhPUPYW1,malianteo
06_spanish_malianteo_boricua,Un Malianteo Bien Maliantoso,"Boricua Drips, Danny Rapper",Nada Que Aprobar,,True,spotify:track:6v1NJnnXtwLHIHDJskrQf7,malianteo boricua
06_spanish_malianteo_boricua,malianteo,ANUKARAB,Multicentro Clasico,,False,spotify:track:41GdO7i2NxLL75CLDfaRsE,malianteo boricua
06_spanish_malianteo_boricua,MALIANTEO CHALACO #3,LA 2BLE C BEATS,MALIANTEO CHALACO #3,,True,spotify:track:3gcSIIJk9VVxDkMFgds96S,malianteo boricua
06_spanish_malianteo_boricua,Maliante,"El Chima En La Casa, Kon3viga, Socio Chillin",Maliante,,True,spotify:track:0BGdiQU1cjxEBqpA6oAnbj,malianteo boricua
06_spanish_malianteo_boricua,MALIANTEO FLOW USA,El 22,MALIANTEO FLOW USA,,False,spotify:track:5uy2y5qlH6b7nz2jWpSMy6,malianteo boricua
06_spanish_malianteo_boricua,Malianteo con tigo,Edisontv,Malianteo con tigo,,False,spotify:track:7r7hNlRqFAlVUrtQEhEoTG,malianteo boricua
06_spanish_malianteo_boricua,Soy Yo,Neutro Shorty,Soy Yo,,False,spotify:track:2Q1u44SScYwZq3x2z9pcuP,trap boricua
06_spanish_malianteo_boricua,Toronto,"Chanell, Persy",Toronto,,True,spotify:track:2HoDXiTgzmcNiY1Pich8cP,trap boricua
06_spanish_malianteo_boricua,Pajaritos Preñaos,Ankhal,Pajaritos Preñaos,,True,spotify:track:3OgvBpWQUw6GqG2cbr8Owq,trap boricua
06_spanish_malianteo_boricua,4Twenty,Jovaan,4Twenty,,True,spotify:track:5hukFn422IhGnE8Ns5Ur02,trap boricua
06_spanish_malianteo_boricua,El Tridente,"Los G4, Conep, Omy de Oro, Midnvght",El Tridente,,True,spotify:track:1MzLpuKP4zHzCKmGeTG9Rw,trap boricua
06_spanish_malianteo_boricua,Los 20s,"Moize, J Abdiel, Rokero",Los 20s,,True,spotify:track:0vEa3I8da84GiVf6IH2vjU,trap boricua
06_spanish_malianteo_boricua,Alaska,Juliito,Alaska,,True,spotify:track:6e0G7tT8aR9gMDnE8qcWzA,trap boricua
06_spanish_malianteo_boricua,Trap Trapeo,La Kikada,Trap Trapeo,,False,spotify:track:0H5q6bPfSPyu02BI8hPkFZ,trap boricua
06_spanish_malianteo_boricua,Trap del bueno,Logi K,Trap del bueno,,False,spotify:track:7Kq7ZE1Bx1lsY3PjhfjD1p,trap boricua
06_spanish_malianteo_boricua,CAPITULO 1,"KEVINGLJD, Dineropr",CAPITULO 1,,True,spotify:track:6OMtZQIxNW2FzjOjpA6ZNa,trap boricua
06_spanish_malianteo_boricua,FRONTEANDO - Reggaeton Maleanteo,YEYCA Beats,REGGAETON vol.1,,False,spotify:track:4NqLmmCmXlEYKdmyoKjok5,reggaeton maleanteo
06_spanish_malianteo_boricua,CARO - Reggaeton Maleanteo,YEYCA Beats,CARO - Reggaeton Maleanteo,,False,spotify:track:3hxBeQAVn5I98UbQNmAKPr,reggaeton maleanteo
06_spanish_malianteo_boricua,Maleanteo,"Chzter, Mikebøi",Maleanteo,,True,spotify:track:5s6gjRDWtD99U6A6GOZ3Wz,reggaeton maleanteo
06_spanish_malianteo_boricua,Reggaeton Maleanteo Navidad,prodVawa,Reggaeton Maleanteo Navidad,,False,spotify:track:5tg6rNGXsN3W8gYnfNFFct,reggaeton maleanteo
06_spanish_malianteo_boricua,pista reggaeton maleanteo (mafilia),Beat Gxng,pista reggaeton maleanteo (mafilia),,False,spotify:track:7fB0ExhAh1t1GwEGalUVGy,reggaeton maleanteo
06_spanish_malianteo_boricua,Beat de reggaeton Maleanteo Frontea,Omarkillah,Beat de reggaeton Maleanteo Frontea By Omarkillah,,False,spotify:track:1rivYdYcglgVQLXdnA7kqe,reggaeton maleanteo
06_spanish_malianteo_boricua,Reguetón Maleantoso,Indio Pancho,Pistas De Reguetón De PR,,False,spotify:track:2FcjGPVd3rtRkTK8VuLIQW,reggaeton maleanteo
06_spanish_malianteo_boricua,Esa Mami,Eme MalaFe,El Mala,,True,spotify:track:0zzp9JCVJbskRjOpZnj7EM,reggaeton maleanteo
06_spanish_malianteo_boricua,Maleante,Dj Bryan El Famosito,Maleante,,False,spotify:track:4LOCl3H5s9naDzv2iRBhTt,reggaeton maleanteo
06_spanish_malianteo_boricua,Atrévete-Te-Te,Calle 13,Calle 13 (Explicit Version),,True,spotify:track:1q8NdCAQ9QUjpYiqzdd3mv,calle reggaeton
06_spanish_malianteo_boricua,Somos de Calle,Daddy Yankee,Talento de Barrio,,False,spotify:track:4ysPUVz10cXZwhLSuuEO4c,calle reggaeton
06_spanish_malianteo_boricua,Calle Pero Elegante,Dj Shuket,Old 2,,False,spotify:track:6w7R4mvbta7rQVAnLkRIlO,calle reggaeton
06_spanish_malianteo_boricua,Suave Mix - Blass Remix,Calle 13,Calle 13 (Explicit Version),,False,spotify:track:2I8R6q0jiDVPslenoohZL2,calle reggaeton
06_spanish_malianteo_boricua,REGGAETON CALLEJERO 2,Dj Nanow,Reggaeton Callejero 2,,False,spotify:track:67f4ickIxIcTlVDB2FcYN0,calle reggaeton
06_spanish_malianteo_boricua,Salgo Pa' la Calle,"Daddy Yankee, Randy Nota Loca",Talento de Barrio,,False,spotify:track:4WSCQzsVo8ucr3FwGmUkHw,calle reggaeton
06_spanish_malianteo_boricua,REGGAETON CALLEJERO Nowna,Dj Nanow,Reggaeton Callejero Nowna,,False,spotify:track:3W8Pixq48kCEzqvucGI0Eb,calle reggaeton
06_spanish_malianteo_boricua,Salgo Pa La Calle,Jangueo & Tanty,Salgo Pa La Calle,,False,spotify:track:4N4kVYiVQK8xbSTxtoTjPO,calle reggaeton
06_spanish_malianteo_boricua,Calle,La Rima Callejera RD,Calle,,True,spotify:track:3KkxoRRrkkWezYfHfofUgJ,calle reggaeton
06_spanish_malianteo_boricua,calle sin sentimiento,Alterao Records,calle sin sentimiento,,False,spotify:track:4IZtvTaF3FWMjoYroyqudh,calle reggaeton
06_spanish_malianteo_boricua,Punto y Aparte,Tego Calderón,Rompe La Discoteca,,True,spotify:track:388YhDYxPvaDIZQHWqpB4E,reggaeton calle
06_spanish_malianteo_boricua,Reguetón y Rap Calle Maleanteo,Indio Pancho,Pistas De Reguetón De PR,,False,spotify:track:2O9Up78yoMRfP5tz7jouzO,reggaeton calle
06_spanish_malianteo_boricua,Ñengo Flow Rkt,BR4IAN DJ,Ñengo Flow Rkt,,True,spotify:track:0uUFrSdIxftcjChlCJGZa3,Ñengo Flow
06_spanish_malianteo_boricua,Carbon 15,"Ñengo Flow, Anuel AA",RealG4Life Vol. 4,,True,spotify:track:02iBJuwOOcP2AnXVf9ywAW,Ñengo Flow
06_spanish_malianteo_boricua,Escándalo,Ñengo Flow,RealG4Life Vol. 4,,True,spotify:track:4TIEgR6aPiClEXEBHfraIp,Ñengo Flow
06_spanish_malianteo_boricua,Cuando Me Dirá,Ñengo Flow,Real G 4 Life Part 2,,True,spotify:track:6xBb8VL1NIj6pq01KXwiAb,Ñengo Flow
06_spanish_malianteo_boricua,Gato de Noche,"Ñengo Flow, Bad Bunny",Gato de Noche,,True,spotify:track:54ELExv56KCAB4UP9cOCzC,Ñengo Flow
06_spanish_malianteo_boricua,En Las Noches Frias,Ñengo Flow,Real G 4 Life,,False,spotify:track:0a0JiZejbYYem1W31fldde,Ñengo Flow
06_spanish_malianteo_boricua,Safaera,"Bad Bunny, Jowell & Randy, Ñengo Flow",YHLQMDLG,,True,spotify:track:2DEZmgHKAvm41k4J3R2E9Y,Ñengo Flow
06_spanish_malianteo_boricua,Diles,"Bad Bunny, Ozuna, Farruko, Arcángel, Ñengo Flow, DJ Luian, Mambo Kingz",Diles,,True,spotify:track:6C1RD7YQVvt3YQj0CmuTeu,Ñengo Flow
06_spanish_malianteo_boricua,Llegamos A La Disco,"Daddy Yankee, De La Ghetto, Ñengo Flow, Arcángel, Farruko, Baby Rasta y Gringo, Alex Kyza, Kendo Kaponi",Prestige,,True,spotify:track:4nfn4q3ygnHhriDyYW6Fkf,Ñengo Flow
06_spanish_malianteo_boricua,FOREVER TU GANTEL,"Omar Courtz, Ñengo Flow",FOREVER TU GANTEL,,True,spotify:track:5XE2dc5tz7tbufWCPFUo5c,Ñengo Flow
06_spanish_malianteo_boricua,Little Demon,Anuel AA,Little Demon,,False,spotify:track:5HmbkAdM5TJZcCmFQgNHI6,Anuel AA malianteo
06_spanish_malianteo_boricua,Está Cabrón Ser Yo,"Bad Bunny, Anuel AA",YHLQMDLG,,True,spotify:track:4saHEjXw7O1NXJOzBkUKKG,Anuel AA malianteo
06_spanish_malianteo_boricua,Cuando No Era Cantante RMX - Remix,"El Bogueto, Anuel AA, Fuerza Regida, Yung Beef",Eso Si Es De Gangster,,True,spotify:track:56V7nzrqr6Sq1uFym4odwa,Anuel AA malianteo
06_spanish_malianteo_boricua,Cuando No Era Cantante - Remix,"El Bogueto, Anuel AA, Fuerza Regida, Yung Beef",Cuando No Era Cantante (Remix),,True,spotify:track:4llKbtKvvuiZVzyD9VVMDX,Anuel AA malianteo
06_spanish_malianteo_boricua,MIRAME REMIX,"Blessd, Anuel AA, Ovy On The Drums",MIRAME REMIX,,True,spotify:track:2S8bH7ABqJ02bWeH8bgQfU,Anuel AA malianteo
06_spanish_malianteo_boricua,Cuando No Era Cantante - Remix,"El Bogueto, Anuel AA, Fuerza Regida, Yung Beef",Cuando No Era Cantante (Remix),,True,spotify:track:2pbSCYzxrG0wa6qcj8IyiE,Anuel AA malianteo
06_spanish_malianteo_boricua,Pa Ti,"Bad Bunny, Bryant Myers",Pa Ti,,True,spotify:track:2QrGCbW0ylj94JfkgLZFlA,Bryant Myers
06_spanish_malianteo_boricua,"Cuatro Babys (feat. Trap Capos, Noriel, Bryant Myers & Juhn)","Maluma, Trap Capos, Noriel, Bryant Myers, Juhn","Cuatro Babys (feat. Trap Capos, Noriel, Bryant Myers & Juhn)",,True,spotify:track:0JoHqmlqE0W0i9prt6kcHR,Bryant Myers
06_spanish_malianteo_boricua,Burlao,Bryant Myers,Burlao,,True,spotify:track:1yDwfXVgcrQPipINBnkE97,Bryant Myers
06_spanish_malianteo_boricua,SEDA,"Bad Bunny, Bryant Myers",nadie sabe lo que va a pasar mañana,,True,spotify:track:1YnChEM51BVZ5dRhbVFEMl,Bryant Myers
06_spanish_malianteo_boricua,Darte Remix,"Alex Rose, Casper Magico, Miky Woodz, Myke Towers, JHAYCO, Ñengo Flow, Bryant Myers, Juhn, Noriel",Darte Remix,,False,spotify:track:6hKkPY7Ik8Q7uNnCzvLNL9,Bryant Myers
06_spanish_malianteo_boricua,"Contigo Na Más - Remix (feat. Ozuna, Hades66)","Luar La L, Dei V, Bryant Myers, ROA, Hades66, Ozuna","Contigo Na Más - Remix (feat. Ozuna, Hades66)",,True,spotify:track:4UjjHtqpIwH69uOlLc0VIY,Bryant Myers
06_spanish_malianteo_boricua,Brazil,"Afroto, Marwan Moussa",SAN STEFANO,,False,spotify:track:6cpTq72SH9QSocMTnGEKg5,Bryant Myers
06_spanish_malianteo_boricua,7OBI,Mousv,MAFIA,,False,spotify:track:504HCOLn8Vq46CSTP55GRR,Bryant Myers
06_spanish_malianteo_boricua,LOOM,Mousv,LOOM,,False,spotify:track:1FOA6haAMdeV3lVbIiW61x,Bryant Myers
06_spanish_malianteo_boricua,"Los Reyes Del Malianteo (feat. Arcangel, Farruko, De La Ghetto, Ñengo Flow & D.Ozi)","Mambo Kingz, Arcángel, Farruko, De La Ghetto, Ñengo Flow, D.OZi","Los Reyes Del Malianteo (feat. Arcangel, Farruko, De La Ghetto, Ñengo Flow & D.Ozi)",,True,spotify:track:2pvIIWx4qo64owPbiqIG8j,Arcangel malianteo
06_spanish_malianteo_boricua,El Malianteo No Muere,"Farruko, Arcángel, Pusho, Ñengo Flow, Benny Benni",El Malianteo No Muere,,False,spotify:track:0PDkzYlDWgFiRQAkbLUrFI,Arcangel malianteo
06_spanish_malianteo_boricua,Tu No Vive Asi (feat. Mambo Kingz & DJ Luian),"Arcángel, Bad Bunny, Mambo Kingz, DJ Luian",Tu No Vive Asi (feat. Mambo Kingz & DJ Luian),,True,spotify:track:6NSMQFKgjpQb0KkjMDYIK0,Arcangel malianteo
06_spanish_malianteo_boricua,ACHO PR,"Bad Bunny, Arcángel, De La Ghetto, Ñengo Flow",nadie sabe lo que va a pasar mañana,,True,spotify:track:1C7lXfx4Y5maVl4AgUVlHA,Arcangel malianteo
06_spanish_malianteo_boricua,Hace Mucho Tiempo,Arcángel,"Sentimiento, Elegancia Y Maldad",,False,spotify:track:0a6ogDrZBvYgDjILgsQVaJ,Arcangel malianteo
06_spanish_malianteo_boricua,Pa' Que La Pases Bien,Arcángel,El Fenomeno,,False,spotify:track:1pLCpA1RN8avJxSD3ZCwhj,Arcangel malianteo
06_spanish_malianteo_boricua,Beat Malianteo Estilo Arcangel - Instrumental Version,Gabe El Menor,Beat Malianteo Estilo Arcangel (Instrumental Version),,False,spotify:track:4fvq22iQyC784vsYswIpQE,Arcangel malianteo
06_spanish_malianteo_boricua,Instrumental Malianteo Romantico,"EgoistaPR, Arcángel",Lo Que la Calle Pide,,False,spotify:track:3o5SelAHt8ldTqVNXOJxw6,Arcangel malianteo
07_spanish_latin_trap,Latin Trap,"Jon Z, Quimico Ultra Mega",JonTrapVolta,,True,spotify:track:6CaxHeTXWglBV2YNikfrkW,latin trap
07_spanish_latin_trap,Latin Trap,Machete,Latin Trap,,False,spotify:track:7xBsLTEX4igGEyugI8RDoP,latin trap
07_spanish_latin_trap,Latin Trap,Calice,Latin Trap,,False,spotify:track:5rcHcTXa4q3PoHX4pJr6UW,latin trap
07_spanish_latin_trap,DÁKITI,"Bad Bunny, JHAYCO",DÁKITI,,True,spotify:track:47EiUVwUp4C9fGccaPuUCS,latin trap
07_spanish_latin_trap,Se Preparó,Ozuna,Odisea,,False,spotify:track:1m69ELEgE6k5ZWsap40ozt,latin trap
07_spanish_latin_trap,FINA,"Bad Bunny, Young Miko",nadie sabe lo que va a pasar mañana,,True,spotify:track:3nNmRE0DxHC6ZaKkrpUumS,trap latino
07_spanish_latin_trap,Otra Noche en Miami,Bad Bunny,X 100PRE,,True,spotify:track:4vCAzANUWDE24URV6wQ4ra,trap latino
07_spanish_latin_trap,El Farsante,Ozuna,Odisea,,False,spotify:track:5EId1m4DNwTf3at31w8bPJ,trap latino
07_spanish_latin_trap,Trap Melodico,Richisito Flow,Trap Melodico,,True,spotify:track:3HXXR6z8UZBuMBSOVp673t,trap latino
07_spanish_latin_trap,S E X P L A Y L I S T 1,"Omar Courtz, Rauw Alejandro",PRIMERA MUSA,,True,spotify:track:7w3G5VXJLLbuaWylG7hvVi,trap latino explicit
07_spanish_latin_trap,PALABRAS SOBRAN - REMIX,"Blessd, Ryan Castro, Bryant Myers, Hades66",SI SABE,,True,spotify:track:4u8fUK0wSDHvVQ24SUMqZq,trap latino explicit
07_spanish_latin_trap,Kemba Walker,"Eladio Carrion, Bad Bunny",Kemba Walker,,True,spotify:track:38kLHBjtWJaPXcyFhwRVtI,Bad Bunny trap
07_spanish_latin_trap,NUEVAYoL,Bad Bunny,DeBÍ TiRAR MáS FOToS,,False,spotify:track:5TFD2bmFKGhoCRbX61nXY5,Bad Bunny trap
07_spanish_latin_trap,DtMF,Bad Bunny,DeBÍ TiRAR MáS FOToS,,True,spotify:track:3sK8wGT43QFpWrvNQsrQya,Bad Bunny trap
07_spanish_latin_trap,EoO,Bad Bunny,DeBÍ TiRAR MáS FOToS,,True,spotify:track:6J5kc12BW5HuP3d7C3vvx8,Bad Bunny trap
07_spanish_latin_trap,La Jumpa,"Arcángel, Bad Bunny",SR. SANTOS,,True,spotify:track:2mnXxnrX5vCGolNkaFvVeM,Bad Bunny trap
07_spanish_latin_trap,Como Duele,Eleperez,"Magnum Opus, Vol. 1",,True,spotify:track:3H3NDCLgH2cWWV8N19lqGX,Bad Bunny trap
07_spanish_latin_trap,LA KINTA 20 & 25,"XCLUSIV, MYSCO, Bronkloud",DE LA QUINTA PAL MUNDO,,True,spotify:track:1GRv5YEc32Wymx750P1MhT,Bad Bunny trap
07_spanish_latin_trap,"Myke Towers: Bzrp Music Sessions, Vol. 42/66","Bizarrap, Myke Towers","Myke Towers: Bzrp Music Sessions, Vol. 42/66",,False,spotify:track:6ixCgwWOAN6C07ozzRm9pj,Myke Towers trap
07_spanish_latin_trap,Nueva Era,"Duki, Myke Towers",AMERI,,True,spotify:track:03IpZ9yqJlo3EIgDQUgBSF,Myke Towers trap
07_spanish_latin_trap,MÍRENME AHORA,Myke Towers,LYKE MIKE,,True,spotify:track:1QigNNcv8c5X2iL294bZev,Myke Towers trap
07_spanish_latin_trap,LALA,Myke Towers,LA VIDA ES UNA,,True,spotify:track:7ABLbnD53cQK00mhcaOUVG,Myke Towers trap
07_spanish_latin_trap,Si Se Da - Remix,"Myke Towers, Farruko, Arcángel, Sech, Zion",Si Se da Remix,,True,spotify:track:6K5BsR04ijf3FHNzjbaagD,Myke Towers trap
07_spanish_latin_trap,Si La Calle Llama - Remix,"Eladio Carrion, Myke Towers",3MEN2 KBRN,,True,spotify:track:3qXZqXGniqNt3PK2CBSZgM,Myke Towers trap
07_spanish_latin_trap,"Ajena (with Myke Towers, Dylan Fuentes)","Dayme y El High, Myke Towers, Dylan Fuentes",Ajena,,False,spotify:track:4KXtFUFmPObTROXShFLHZX,Myke Towers trap
07_spanish_latin_trap,Ella No Es Tuya - Remix,"Rochy RD, Myke Towers, Nicki Nicole",Ella No Es Tuya (Remix),,False,spotify:track:5YYW3yRktprLRr47WK219Y,Myke Towers trap
07_spanish_latin_trap,TODO KE VER,"Jere Klein, Katteyes, Mateo on the Beatz",TODO KE VER,,False,spotify:track:47aX1tXPTBpAG8Y2iAYmiy,Myke Towers trap
07_spanish_latin_trap,Pareja Del Año,"Sebastian Yatra, Myke Towers",Dharma,,False,spotify:track:655JkvIwu2rDCaD1hPf04g,Myke Towers trap
07_spanish_latin_trap,Body,Eladio Carrion,CORSA,,True,spotify:track:2LDvRwKpty6vuYWGGAYs75,Eladio Carrion
07_spanish_latin_trap,Ricky Bobby,Eladio Carrion,CORSA,,True,spotify:track:24IeBGZDIeRA4H6EpQz8D0,Eladio Carrion
07_spanish_latin_trap,Mbappe,Eladio Carrion,SEN2 KBRN VOL. 2,,True,spotify:track:2lmWwBLVJ2P0HX491zkYws,Eladio Carrion
07_spanish_latin_trap,Coco Chanel,"Eladio Carrion, Bad Bunny",3MEN2 KBRN,,True,spotify:track:0PB0O24JqAuNdOAFVJljMS,Eladio Carrion
07_spanish_latin_trap,Vida Buena - Remix,"Eladio Carrion, Arcángel",Sauce Boyz Care Package,,False,spotify:track:03Yyzbk18DAz4d4Jxwl1tm,Eladio Carrion
07_spanish_latin_trap,"Eladio Carrion: Bzrp Music Sessions, Vol. 40/66","Bizarrap, Eladio Carrion","Eladio Carrion: Bzrp Music Sessions, Vol. 40/66",,True,spotify:track:1VauUM5CBX7nkLcgafQL2B,Eladio Carrion
07_spanish_latin_trap,ELWA3D,Wegz,ELWA3D,,False,spotify:track:4G5MF3PpirGQEa4UNrb9KB,Eladio Carrion
07_spanish_latin_trap,El Mabda2,Marwan Pablo,آخر قطعة فنية,,False,spotify:track:6m8vcn1JPflk8xBoFsaPDP,Eladio Carrion
07_spanish_latin_trap,"Morad: Bzrp Music Sessions, Vol. 47/66","Bizarrap, Morad","Morad: Bzrp Music Sessions, Vol. 47/66",,False,spotify:track:39yyHtQ4tkjZzd8TfIBKQw,Mora trap
07_spanish_latin_trap,ROBERT DE NIRO,Mora,MICRODOSIS,,True,spotify:track:3cR23eAZcjukbKtb9knlL4,Mora trap
07_spanish_latin_trap,Tuyo,Mora,Primer Dia de Clases,,True,spotify:track:4tQofG51E0juZBBVr6pral,Mora trap
07_spanish_latin_trap,LA INOCENTE,"Mora, Feid",MICRODOSIS,,True,spotify:track:5jt25aFjW2kNoBqaEVaz5W,Mora trap
07_spanish_latin_trap,Casablanca (feat. Morad),"Baby Gang, Bobo, Morad",DELINQUENTE,,True,spotify:track:3n348I4uE5GZ3tprVdqzPO,Mora trap
07_spanish_latin_trap,ESCALOFRÍOS,Mora,MICRODOSIS,,False,spotify:track:5CVMsPYtSJ3l7UxYiI2lt7,Mora trap
07_spanish_latin_trap,Una Vez,"Bad Bunny, Mora",YHLQMDLG,,True,spotify:track:5J7teKIJGtqVypgYI6sqXj,Mora trap
07_spanish_latin_trap,PUERTO ESCONDIDO,"Young Cister, Morad",PLANES DE MEDIANOCHE,,False,spotify:track:60v76pgmo7qSx0sgz0HzOc,Mora trap
07_spanish_latin_trap,Donde CRJ - Remix,"KARBeats, Mora, JHAYCO, Yan Block, Omar Courtz",Donde CRJ (Remix),,True,spotify:track:63RgY9Eph41dal0MYH4d6V,Mora trap
07_spanish_latin_trap,Europa,"Jul, Elai, Rhove, Morad",Cœur blanc,,True,spotify:track:0Uqveszt9FgnjgE3sGsCdS,Mora trap
07_spanish_latin_trap,Medusa,"JHAYCO, Anuel AA, J Balvin",Medusa,,True,spotify:track:3qM0vBxIe4VUbK0Z0smuVP,Jhayco trap
07_spanish_latin_trap,Costear,"JHAYCO, Almighty",Famouz,,True,spotify:track:5jn8mEpU3EKjh4o8GBMSZQ,Jhayco trap
07_spanish_latin_trap,No Me Conoce - Remix,"JHAYCO, J Balvin, Bad Bunny",Famouz,,False,spotify:track:2beS6dD5rovBxSA1zYoSHR,Jhayco trap
07_spanish_latin_trap,Tokyo,JHAYCO,Timelezz,,False,spotify:track:1gYipuSzUpI6BENbGrgeid,Jhayco trap
07_spanish_latin_trap,CÓMO SE SIENTE - Remix,"JHAYCO, Bad Bunny",CÓMO SE SIENTE (Remix),,True,spotify:track:2tFwfmceQa1Y6nRPhYbEtC,Jhayco trap
07_spanish_latin_trap,Joe,JHAYCO,Le Clique: Vida Rockstar (X),,False,spotify:track:5SHwS0L6Q1MDZluxsDsx3r,Jhayco trap
07_spanish_latin_trap,Tarot,"Bad Bunny, JHAYCO",Un Verano Sin Ti,,True,spotify:track:41oY4WCTj5kccfesTVFnvN,Jhayco trap
07_spanish_latin_trap,Only Fans - Remix,"Young Martino, Lunay, Myke Towers, JHAYCO, Arcángel, Darell, Ñengo Flow, Brray, Joyce Santana",Only Fans (Remix),,True,spotify:track:1QaCsLoKEWVujL3owyyei4,Jhayco trap
07_spanish_latin_trap,Fiel - Remix,"Wisin, JHAYCO, Anuel AA, Los Legendarios, Myke Towers",Fiel (Remix),,True,spotify:track:43qcs9NpJhDxtG91zxFkj7,Jhayco trap
07_spanish_latin_trap,"Duki: Bzrp Music Sessions, Vol. 50/66","Bizarrap, Duki","Duki: Bzrp Music Sessions, Vol. 50/66",,False,spotify:track:7MkylDYvKTSuWgrsBhHlsG,Duki trap
07_spanish_latin_trap,Rockstar,Duki,Rockstar,,True,spotify:track:3E4ZzO4ySupnYypDPXcc3D,Duki trap
07_spanish_latin_trap,Hello Cotto,Duki,Hello Cotto,,True,spotify:track:422Avi2VjqZKCVzstKmqog,Duki trap
07_spanish_latin_trap,TRAP.N.EXPORT,"Modo Diablo, Duki, YSY A, Neo Pistea",TRAP.N.EXPORT,,True,spotify:track:3aozFlnbP7zhcJKi9O0FUz,Duki trap
07_spanish_latin_trap,Quavo #Mododiablo,"Duki, YSY A, Neo Pistea",Quavo #Mododiablo,,True,spotify:track:262lBp5MtK39jc7gQdYrVM,Duki trap
07_spanish_latin_trap,She Don't Give a Fo,"Duki, KHEA",She Don't Give a Fo,,False,spotify:track:03a359wbiUsjN9h6yzXvmS,Duki trap
07_spanish_latin_trap,Hablamos Mañana,"Bad Bunny, Duki, Pablo Chill-E",YHLQMDLG,,False,spotify:track:1V8XneTrX6kKeoxYbk4x6h,Duki trap
07_spanish_latin_trap,TRAPPERZ A Mafia Da Sicilia (feat. MC Davo & Fuego),"Felp 22, Rauw Alejandro, Duki, Fuego, MC Davo",TRAPPERZ A Mafia Da Sicilia (feat. MC Davo & Fuego),,True,spotify:track:1KfIZjptrvN6jUpUzzRYiD,Duki trap
07_spanish_latin_trap,Loca - Remix,"KHEA, Bad Bunny, Duki, Cazzu",Loca Remix,,True,spotify:track:2ECIwi1a7mfokdDkkJ08Ne,Duki trap
07_spanish_latin_trap,Ayer Me Llamó Mi Ex,"KHEA, Lenny Santos",Ayer Me Llamó Mi Ex,,True,spotify:track:3ef2QlCUWO29UvqJaU3MUi,Khea trap
07_spanish_latin_trap,Cómo Le Digo,"KHEA, Omar Varela, Asan",Cómo Le Digo,,False,spotify:track:0K0soSt52EhMS9FohRObdK,Khea trap
07_spanish_latin_trap,Sola,"KHEA, Myke Towers, Dayme y El High, Alex Rose",Sola,,True,spotify:track:0gWzYwxmq9JHXINJg5pndk,Khea trap
07_spanish_latin_trap,Loca,"KHEA, Duki, Cazzu, Omar Varela, MYKKA",Loca,,True,spotify:track:0vnrhysrKKRdNYFKLAGzRc,Khea trap
07_spanish_latin_trap,hot girl bummer (with KHEA) - Khea Remix,"blackbear, KHEA",hot girl bummer (with KHEA) [Khea Remix],,True,spotify:track:0QlT8brSPmDnGGOhIKEYC8,Khea trap
07_spanish_latin_trap,"BESAME (feat. Tiago PZK, Khea & Neo Pistea) - Remix","Bhavi, Seven Kayne, Milo j, Tiago PZK, KHEA, Neo Pistea","BESAME (feat. Tiago PZK, Khea & Neo Pistea) [Remix]",,True,spotify:track:3GD6eImRvT0zgr8cQnokUq,Khea trap
07_spanish_latin_trap,Khé?,"Rauw Alejandro, Romeo Santos",Cosa Nuestra,,False,spotify:track:1YYfyJ2yCvGFCxwjsIqEK9,Khea trap
07_spanish_latin_trap,"BESAME (feat. Tiago PZK, Khea & Neo Pistea) - Remix","Bhavi, Seven Kayne, Milo j, Tiago PZK, KHEA, Neo Pistea",BHAVILONIA,,True,spotify:track:2VZrQstXX2ax3N5s9PDCc2,Khea trap
07_spanish_latin_trap,HOLA PERDIDA,"Luck Ra, KHEA",QUE NOS FALTE TODO,,False,spotify:track:7JKptWv4YXmievid0HajID,Khea trap
08_spanish_reggaeton_dark,Reggaetón en lo Oscuro,Wisin & Yandel,"Los Campeones del Pueblo ""The Big Leagues""",,False,spotify:track:7LLXLd0pisbEAdIVK502VM,reggaeton oscuro
08_spanish_reggaeton_dark,Reggaeton oscuro,aurea1300000,Reggaeton oscuro,,True,spotify:track:6TjoBh5n8yAyzTcUMKcYig,reggaeton oscuro
08_spanish_reggaeton_dark,En Lo Oscuro,J Balvin,J Balvin Mix Tape,,False,spotify:track:5pUCe0d9dGYqcbKIciDR4S,reggaeton oscuro
08_spanish_reggaeton_dark,En Lo Oscuro,"Don Omar, Wisin & Yandel",The Last Don II,,False,spotify:track:03eqlziOWq8JcWtGlKdpGz,reggaeton oscuro
08_spanish_reggaeton_dark,Pa' Lo Oscuro,"Franco ""El Gorilla"", Wisin & Yandel, Javiah",Welcome To The Jungle,,True,spotify:track:3NJ1WyQnzdInQD99GfmkpS,reggaeton oscuro
08_spanish_reggaeton_dark,En Lo Oscuro,Sech,1 of 1,,False,spotify:track:5HsVMsv3IT1t3IdaHeCo0N,reggaeton oscuro
08_spanish_reggaeton_dark,Reggaetón Beats 2,"AFRO LIFE, Pin Music, El Benyamin Récords LLC",TROPICAL LIFE VOL.1,,True,spotify:track:2DRCdlSDiSvWtdjQEe1DMK,reggaeton oscuro
08_spanish_reggaeton_dark,Perreo a Oscuras,Cartel Sonora,Perreo a Oscuras,,False,spotify:track:1cq3F1pUz84FyFuX4ikuuO,reggaeton oscuro
08_spanish_reggaeton_dark,Pa' Lo Oscuro,"Franco ""El Gorilla"", Wisin & Yandel, Javiah",Dame Regeton,,True,spotify:track:5jgQhxkYvL6mH5OHgyyINQ,reggaeton oscuro
08_spanish_reggaeton_dark,Reggaetón Beats,"AFRO LIFE, Pin Music, El Benyamin Récords LLC",TROPICAL LIFE VOL.1,,True,spotify:track:5flA2nnbmTGYaIeX88CIlB,reggaeton oscuro
08_spanish_reggaeton_dark,Me Llama Todavia 2 (Remix),"Super Yei, Agus Padilla, Juanka, Towy, Yomo, Gotay ""El Autentiko"", Darkiel, Osquel",Me Llama Todavia 2 (Remix),,True,spotify:track:3lJ9fpbayaKDrFziV2UApI,reggaeton dark
08_spanish_reggaeton_dark,"0 Sentimientos (Remix) [feat. Baby Rasta, Darkiel, Messiah & Lyan]","Boy Wonder CF, Jon Z, Noriel, Baby Rasta, Darkiel, Messiah, LYAN, High Quality",Chosen Few: New Generation,,False,spotify:track:3gYco8uoFBmpxqYlz3Zhs7,reggaeton dark
08_spanish_reggaeton_dark,Sigue Bailandome,"Yannc, Darkiel, Eladio Carrion, Brray, Myke Towers",Sigue Bailandome,,False,spotify:track:0GmiGIxXDNrePrHBpijYDp,reggaeton dark
08_spanish_reggaeton_dark,Tghayarti - Remake,"El Far3i, Arab Drumz",El Remake,,False,spotify:track:5EGPlP9prB1lz0xm63N4If,reggaeton dark
08_spanish_reggaeton_dark,Manifiestate,"Dani y Magneto, Alberto Style, SOG, Dj Nelo, Darkan",Colosal,,False,spotify:track:54GbDdN9rzCLAtX1TAJthy,reggaeton dark
08_spanish_reggaeton_dark,Secreto - Remix,"Amarion, Rauw Alejandro, Mora, Randy Nota Loca, Darkiel, Anonimus",Secreto (Remix),,False,spotify:track:0pc1ydCVOqDfJrEsFUorBg,reggaeton dark
08_spanish_reggaeton_dark,"La Llamada (feat. Darkiel, Almighty, Brytiago & Bryant Myers) - Remix","Trap Capos, Noriel, Darkiel, Almighty, Brytiago, Bryant Myers",Trap Capos: Season 1,,True,spotify:track:5PnE0HnlvXl3Pv7hop2FBE,reggaeton dark
08_spanish_reggaeton_dark,"Maliante Hp (Remix) [feat. Anuel Aa, Farruko, Almighty, Darkiel, Bryant Myers, Nio Garcia & Noriel]","Benny Benni, Anuel AA, Farruko, Almighty, Darkiel, Bryant Myers, Nio Garcia, Noriel","Maliante Hp (Remix) [feat. Anuel Aa, Farruko, Almighty, Darkiel, Bryant Myers, Nio Garcia & Noriel]",,True,spotify:track:3HM8I6kvuUF4aOCbSr9Mn5,reggaeton dark
08_spanish_reggaeton_dark,Reggaetón Lento (Bailemos),CNCO,Primera Cita,,False,spotify:track:3AEZUABDXNtecAOSC1qTfo,reggaeton de calle
08_spanish_reggaeton_dark,Tango del Pecado (feat. Bajofondo Tango Club & Panasuyo),"Calle 13, Bajofondo Tango Club, Panasuyo",Residente o Visitante,,True,spotify:track:6SEMpMXnOe9nvei4yk7wb7,reggaeton de calle
08_spanish_reggaeton_dark,DE CAROLINA,"Rauw Alejandro, Playero",SATURNO,,True,spotify:track:6J3kt4eAqRffh5lBuHJJSO,reggaeton de calle
08_spanish_reggaeton_dark,El Apagón,Bad Bunny,Un Verano Sin Ti,,True,spotify:track:0UvZcEfpzVyx47QsRbjyBz,reggaeton de calle
08_spanish_reggaeton_dark,El Doctorado,Tony Dize,"La Melodia de la Calle ""Updated""",,False,spotify:track:7sNPAFGaPsOiV1Hu7k6EqD,reggaeton de calle
08_spanish_reggaeton_dark,Amor de Ganster,Ivy Queen,Sentimiento (Platinum Edition),,False,spotify:track:7o9I0w35HQ9aWEyyv7kya1,reggaeton de calle
08_spanish_reggaeton_dark,My Girl,"Taïnos, Ju Lee",My Girl,,False,spotify:track:0QYTlafdPSynsEi2mgxcyV,reggaeton de calle
08_spanish_reggaeton_dark,Perreo Oscuro,"MJ Nebreda, La Goony",Arepa Mixtape,,True,spotify:track:3hglltnF8fCiB9QCh2aaV2,perreo oscuro
08_spanish_reggaeton_dark,Perreo Oscuro (El Nene Oscuro),El Nene Oscuro,Perreo Oscuro (El Nene Oscuro),,False,spotify:track:2NjEb7T4Ffes6vrBRRcDCZ,perreo oscuro
08_spanish_reggaeton_dark,Perreo Oscuro,Astro la Melodia Maestra,Perreo Oscuro,,False,spotify:track:3UEVIcuwDnHQGVBLbAqxuw,perreo oscuro
08_spanish_reggaeton_dark,Perreo,"Quentro, Tuna, Kuntay Cevizci",Perreo,,False,spotify:track:2FXVpbS6z7ctOV55h9ozCZ,perreo oscuro
08_spanish_reggaeton_dark,Perreo fantasma,Nova Jerk,Perreo Oscuro,,False,spotify:track:4iCRub9OTwOaOKysa96QdG,perreo oscuro
08_spanish_reggaeton_dark,En lo oscuro,Waldokinc El Troyano,En lo oscuro,,False,spotify:track:2jhxbmi5aklFTLYCnicUzO,perreo oscuro
08_spanish_reggaeton_dark,perreo oscuro,drakoog,perreo oscuro,,False,spotify:track:2cWqJwKZ8tAoqYjxK0KJID,perreo oscuro
08_spanish_reggaeton_dark,Perreo Intenso,EL sicario sdq,Perreo Intenso,,True,spotify:track:1MmgtVEjuMaMvTvOkb7DO0,perreo oscuro
08_spanish_reggaeton_dark,Perreo Intenso,"Ankhal, Farruko, Guaynaa, KEVVO",Perreo Intenso,,True,spotify:track:4RAgcb1gZ9bGsYRfzrUwqQ,perreo intenso
08_spanish_reggaeton_dark,Yo Perreo Sola,Bad Bunny,YHLQMDLG,,True,spotify:track:0SqqAgdovOE24BzxIClpjw,perreo intenso
08_spanish_reggaeton_dark,Candy,Plan B,Love and Sex,,False,spotify:track:2cRtuTadVm0JzoW4NNTIqI,perreo intenso
08_spanish_reggaeton_dark,Candy,Plan B,Candy,,False,spotify:track:2YAQa5dl4GWo0GuVliWvdR,perreo intenso
08_spanish_reggaeton_dark,Perreo Intenso - Prod. by Dave Produce,"Ja Rulay, Dave Produce",Perreo Intenso,,False,spotify:track:2YgCDE3UvJwrWblR7IJqPC,perreo intenso
08_spanish_reggaeton_dark,Alto Troyanaje,Waldokinc El Troyano,Nivel 2,,False,spotify:track:50qm2o9IDiRpn62f3NMzw8,perreo intenso
08_spanish_reggaeton_dark,La Quemona,Mishelle Master Boys,Ella Quiere HMM Haa HMM,,False,spotify:track:0pA39RQhWVt6IbIXwDwWeP,perreo intenso
08_spanish_reggaeton_dark,فرحه الدلوعه,ميدو مزيكا,فرحه الدلوعه,,False,spotify:track:7MvpJTCGyNgUr563uargiF,perreo intenso
08_spanish_reggaeton_dark,SINdBAD,Marwan Pablo,Sindbad,,False,spotify:track:65BnqScEUQeNnZxIhNf5jb,perreo intenso
08_spanish_reggaeton_dark,Lento,Darkiel,Lento,,False,spotify:track:0mzDYAk0vWj82yCtM5C5Rt,reggaeton lento dark
08_spanish_reggaeton_dark,Reggaetón Lento (Bailemos),CNCO,Exitos de Verano,,False,spotify:track:5VlQvKIorEWqUedD3rl4yQ,reggaeton lento dark
08_spanish_reggaeton_dark,GATITAS SANDUNGUERAS - VOL.1,"Alvaro Diaz, Feid",SAYONARA,,False,spotify:track:6BpZpCM8d8FJnVnr1IbnFL,reggaeton lento dark
08_spanish_reggaeton_dark,Calma - Remix,"Pedro Capó, Farruko",Calma (Remix),,False,spotify:track:5iwz1NiezX7WWjnCgY5TH4,reggaeton lento dark
08_spanish_reggaeton_dark,101 (Bonus),Marwan Pablo,EN7RAF,,False,spotify:track:02nPHrZ759wD7ucDxLZLZp,reggaeton lento dark
08_spanish_reggaeton_dark,Suave y Duro,"Pablo Tunes, Key-P, Big Money Music, Nuni Jam",Suave y Duro,,False,spotify:track:4jUadYeCuIn1Z0mOf1GlYe,reggaeton lento dark
08_spanish_reggaeton_dark,Midnight Lovin' Special,OOYAH,"Sex, Love & Other Drugs",,False,spotify:track:7caApdQ4PACJHsV8zzA24J,reggaeton lento dark
08_spanish_reggaeton_dark,Reggaeton Remix,DJ Elements,Reggaeton Remix,,False,spotify:track:6t5M5Zs1YZFswW87oP8as9,reggaeton remix
08_spanish_reggaeton_dark,Tempted to Touch - Reggaeton Remix,"Rupee, Daddy Yankee",Tempted to Touch (Reggaeton Remix),,False,spotify:track:1RBvBTwTJOzk58f2S2MYA8,reggaeton remix
08_spanish_reggaeton_dark,"Baila Morena (with Don Omar, Luny Tunes, Noriega) - Reggaeton Remix 2005","Hector & Tito, Noriega, Luny Tunes, Don Omar",Baila Morena (Reggaeton Mix),,False,spotify:track:6tNDaOud3ydSXFnYXgJL5J,reggaeton remix
08_spanish_reggaeton_dark,X (feat. Maluma & Ozuna) - Remix,"Nicky Jam, J Balvin, Maluma, Ozuna",X (feat. Maluma & Ozuna) [Remix],,False,spotify:track:6JjPBQfI2Y8nIjnm65X6Pw,reggaeton remix
08_spanish_reggaeton_dark,Replica,Abyusif,Genent El Ba’ar,,False,spotify:track:5OHdP4aHFLWEvayknKI746,reggaeton remix
08_spanish_reggaeton_dark,ياغايب - Reaggeton Cover,3z Production,Cover songs,,False,spotify:track:5trUKJoBfumJK62ipog1CY,reggaeton remix
08_spanish_reggaeton_dark,Nivel De Perreo,"J Balvin, Ryan Castro",Nivel De Perreo,,True,spotify:track:0nDGgXV5oI8TdAmWjUx65l,latin club reggaeton
08_spanish_reggaeton_dark,EL CLúB,Bad Bunny,DeBÍ TiRAR MáS FOToS,,True,spotify:track:0iKo4pNNjHHdKUcFARlfCa,latin club reggaeton
08_spanish_reggaeton_dark,EL CLúB,Bad Bunny,EL CLúB,,True,spotify:track:3zOgFY5kpQ6p2cwPIquZks,latin club reggaeton
08_spanish_reggaeton_dark,Taki Taki,"DJ Snake, Selena Gomez, Ozuna, Cardi B",Latin Rhythm - The Best Reggeaton Club Hits,,False,spotify:track:20uYAdCEoIkSZStIfPW1TB,latin club reggaeton
08_spanish_reggaeton_dark,Latina,Sharmoofers,Latina,,False,spotify:track:42d62TnY6q3qVR5RiyaEps,latin club reggaeton
08_spanish_reggaeton_dark,Priti,"Danny Ocean, Sech",Babylon Club,,False,spotify:track:4seJa0pAQbNlbhYzxXLvm1,latin club reggaeton
08_spanish_reggaeton_dark,Baddest in Germany,Jazeek,Baddest in Germany,,True,spotify:track:68riJ0IgArc6va32ihh57s,latin club reggaeton
08_spanish_reggaeton_dark,Baila Baila Baila - Remix,"Ozuna, Daddy Yankee, J Balvin, Farruko, Anuel AA","Baila Baila Baila (Remix) [feat. Farruko, Anuel Aa]",,False,spotify:track:7mWFF4gPADjTQjC97CgFVt,latin club reggaeton
08_spanish_reggaeton_dark,AyMami,"Danny Ocean, Kenia Os",Babylon Club,,False,spotify:track:2G9IqD0eydBfEaQlNTjij8,latin club reggaeton
08_spanish_reggaeton_dark,Burn It Up (feat. Wysin & Yandell),"R. Kelly, Wysin, Yandell",Tp.3 Reloaded,,False,spotify:track:6ONZZmVuEVAAHvj0OWuVU1,latin club reggaeton
08_spanish_reggaeton_dark,Underground,Emilia,Underground,,True,spotify:track:3QWCxOv2YharMus6KbfiPJ,underground reggaeton
08_spanish_reggaeton_dark,UNDERGROUND,SINAKA,EL NUEVO SONIDO,,True,spotify:track:7KN3HN3Ebofxz6o6uYSXP7,underground reggaeton
08_spanish_reggaeton_dark,Underground,SHAGUIMAN,Underground,,False,spotify:track:2UMy2gc7gIMlqaf5jTf8d9,underground reggaeton
08_spanish_reggaeton_dark,Reggaeton Underground - Live,George Mayer,Reggaeton Underground (Live),,False,spotify:track:1XHq4LfSdN8LAAzVQiRoSs,underground reggaeton
08_spanish_reggaeton_dark,The Underground,"Ray MD, Junior eM, Nyanna",The Underground,,False,spotify:track:7eMX3L5uyLAeAJGcflm79i,underground reggaeton
08_spanish_reggaeton_dark,Dale Pal Piso,"Watussi, Ñengo Flow, Jowell & Randy",La Revelacion del Under - Back To The Underground,,False,spotify:track:5ApsoGGyfr6UTNXtTwcBjf,underground reggaeton
08_spanish_reggaeton_dark,Hey Mister - Remix,"Falo, Jowell & Randy, Watussi, Doble T y El Crok Los Pepes",Falo Edition - Back To The Underground,,False,spotify:track:4EgBmhlFjkYiteXaOxeZ7F,underground reggaeton
08_spanish_reggaeton_dark,Voltio (Live),Voltio,No Fear Live,,False,spotify:track:2bEedurM580zEQCPlKdgWu,underground reggaeton
08_spanish_reggaeton_dark,Playero Street Mix 2 Radio Version,"Alberto Stylee, Blanco, Chesina, Daddy Yankee, Mexicano, Micol y Manuel, Playero","Underground Reggaeton ""The Best Of Radio Version"", Vol. 1",,False,spotify:track:1iyS2ur2NqtiwQTSWHZq5Q,underground reggaeton
08_spanish_reggaeton_dark,UNDERGROUND IN THA HOUSE - Original Mix,Ray MD,UNDERGROUND IN THA HOUSE,,False,spotify:track:2eaYSQ3FUcQ0GidNQ6I4uZ,underground reggaeton
08_spanish_reggaeton_dark,Yo Voy (feat. Daddy Yankee),Zion & Lennox,Motivando a la Yal,,False,spotify:track:5gflgO9EPbIBf16n5TKnQS,old school reggaeton
08_spanish_reggaeton_dark,MIA (feat. Drake),"Bad Bunny, Drake",MIA (feat. Drake),,False,spotify:track:3Ueq2zboxwAbsvHrOjdEqz,old school reggaeton
08_spanish_reggaeton_dark,Just A Lil Bit,50 Cent,The Massacre,,True,spotify:track:4nva9EpKntUTs6CRSGBCn9,old school reggaeton
08_spanish_reggaeton_dark,This Is How We Do It,Montell Jordan,Best Of Montell Jordan,,False,spotify:track:6aJ90LBl96bly9zuEH1U2X,old school reggaeton
08_spanish_reggaeton_dark,Guaya Guaya,Don Omar,The Last Don II,,False,spotify:track:79zvVrn65ksbiGQxrtV4I5,old school reggaeton
08_spanish_reggaeton_dark,P.U.T.A,L'Omy,P.U.T.A,,True,spotify:track:4kaz0SHtySe7HloVysyWld,old school reggaeton
08_spanish_reggaeton_dark,EL PRINCI,Pantrera,EL PRINCI,,False,spotify:track:2RqcHMapgSruTDhKhYNadM,old school reggaeton
08_spanish_reggaeton_dark,BABY SEXUAL,"Rosyk, ValenKeef",BABY SEXUAL,,True,spotify:track:5aC9FIN305FxKiYeurfD4u,old school reggaeton
09_spanish_perreo_party,PERRO NEGRO,"Bad Bunny, Feid",nadie sabe lo que va a pasar mañana,,True,spotify:track:7iQXYTyuG13aoeHxGG28Nh,perreo
09_spanish_perreo_party,Guatauba,Plan B,Guatauba XXX,,True,spotify:track:0xJFWROBNTBL4sKEuA5pm6,perreo
09_spanish_perreo_party,Fuera Del Planeta (Remix),"Eloy, Randy Nota Loca, Zion, Jowell & Randy",Fuera Del Planeta (Remix),,False,spotify:track:3IAmbUs1NB8XwfhNYUXuLA,perreo
09_spanish_perreo_party,Perreo,VANTABLACK,Perreo,,False,spotify:track:7kyZe8CfHS85Wzz6dyw9M6,perreo
09_spanish_perreo_party,Perreo,lCE NoVA,Perreo,,False,spotify:track:4pseetYDiDWlFBDwruQ4LS,perreo
09_spanish_perreo_party,Party,"Bad Bunny, Rauw Alejandro",Un Verano Sin Ti,,True,spotify:track:4tYFy8ALRjIZvnvSLw5lxN,reggaeton party
09_spanish_perreo_party,Gyal You a Party Animal - Remix,"Charly Black, Daddy Yankee",Gyal You a Party Animal (Remix),,False,spotify:track:3rK30dzS17JWgft6PIvEjt,reggaeton party
09_spanish_perreo_party,Te Siento,Wisin & Yandel,Reggaeton Party,,False,spotify:track:2TELOJWAKHdpwX0evDVzI6,reggaeton party
09_spanish_perreo_party,Party MJ,Cris MJ,Apocalipsis,,True,spotify:track:4tGDEdSEogH9DybbNb9bXI,reggaeton party
09_spanish_perreo_party,Party MJ,Cris MJ,Party MJ,,True,spotify:track:6sm7XqRLVN6mhJ2xxoKO1B,reggaeton party
09_spanish_perreo_party,Daytona,Cris MJ,Partyson,,True,spotify:track:2kvpHbQHp9QmcG9WhyLwco,reggaeton party
09_spanish_perreo_party,333,"Cris MJ, Yan Block",Partyson,,True,spotify:track:49D0dUFzPxmOWWmn0FoR48,reggaeton party
09_spanish_perreo_party,Ponte Bonita,Cris MJ,Partyson,,True,spotify:track:50tfayMP8ZnSiV1sPM48qD,reggaeton party
09_spanish_perreo_party,105 F Remix,"KEVVO, Farruko, Chencho Corleone, Arcángel, Darell, Ñengo Flow, Brytiago, Myke Towers",105 F Remix,,True,spotify:track:1aUGxXCz9QimNkKeiJtzZ7,perreo remix
09_spanish_perreo_party,Hola - Remix,"Dalex, Lenny Tavárez, Chencho Corleone, Juhn, Dímelo Flow",Hola (Remix),,False,spotify:track:5stPVcRqb4qixbafP9e8lt,perreo remix
09_spanish_perreo_party,Hola - Remix,"Dalex, Lenny Tavárez, Chencho Corleone, Juhn, Dímelo Flow",Yo Te Quiero Pa Mi,,False,spotify:track:17I27VXKtqXJHL6ReaG0eS,perreo remix
09_spanish_perreo_party,Parte & Choke (with Ryan Castro) - Remix,"Jombriel, Ryan Castro, Alex Krack",JOMBRIEL DE LA SUERTE,,True,spotify:track:0P3K3oluS2pxWGp9TRtjTt,perreo remix
09_spanish_perreo_party,Laliga,"DJ Totti, Shehab",Laliga,,False,spotify:track:6sxA9Z0BsDBbVsCkZAJNSF,perreo remix
09_spanish_perreo_party,Brrr Brrr Brrr,"Abo El Anwar, Marwan Pablo, Lil Baba",Brrr Brrr Brrr,,False,spotify:track:56toH670HEUhhOYEbubXYr,perreo remix
09_spanish_perreo_party,Reggaeton Banger Beat (100 BPM),Beats By Gram,Reggaeton Banger Beat (100 BPM),,False,spotify:track:0nzcb1D4qfRqPFKwUNrPml,reggaeton banger
09_spanish_perreo_party,Reggaeton,J Balvin,Latin Club Bangers,,False,spotify:track:5WoA3dzGI64yNJpgLj46XM,reggaeton banger
09_spanish_perreo_party,BANGER (Reggaeton Instrumental),SONIQ SOUNDS,BANGER (Reggaeton Instrumental),,False,spotify:track:0wCoOvp3D3KEXtNBwLYFWE,reggaeton banger
09_spanish_perreo_party,W Twoich oczach blask - Latino-Reggaeton BANGER,Banger Landia,"BANGER LANDIA – W Twoich oczach blask, (Latino-Reggaeton EDYCJA)",,False,spotify:track:6SXbWM6Bi7RbfOlKOhpvP9,reggaeton banger
09_spanish_perreo_party,Cumpleaños Reggaeton Banger,Happy Birthday Party Music,"Happy Birthday Party Music (Reggaeton Latino Mix, Vol. 1)",,False,spotify:track:2Bk1qKpXBYuxo4On96s9NH,reggaeton banger
09_spanish_perreo_party,Geb Felos,"Molotof, Marwan Pablo",Geb Felos,,False,spotify:track:4hm1dpaWye5nKpWR8MA1D7,reggaeton banger
09_spanish_perreo_party,Oly Leh | Red Bull Mazzika Salonat,"Tommyy, Houda, Red Bull Sika",Oly Leh | Red Bull Mazzika Salonat,,False,spotify:track:6Nqwv9ZxRIYyMQ2gr5NNQE,reggaeton banger
09_spanish_perreo_party,Dembow y Reggaeton,"El Alfa, Yandel, Myke Towers",DEMBO$$,,False,spotify:track:3OB01aM0Nf7tWds1TLEL3j,dembow reggaeton
09_spanish_perreo_party,Dembow y Reggaeton,"El Alfa, Yandel, Myke Towers",El Androide,,True,spotify:track:1RkBT2ylOUh3fLXyyFnWyb,dembow reggaeton
09_spanish_perreo_party,4K,"El Alfa, Darell, Noriel",4K,,False,spotify:track:1BIXs6CdkPRLytuqoXs6XN,dembow reggaeton
09_spanish_perreo_party,La Romana,"Bad Bunny, El Alfa",X 100PRE,,True,spotify:track:1khmgu0pveJbkbpbkyvcQv,dembow reggaeton
09_spanish_perreo_party,Besalo,"El Alfa, Rauw Alejandro",El Androide,,True,spotify:track:2PUdyEnqZUh3zICKE4Fu8N,dembow reggaeton
09_spanish_perreo_party,Suave (Remix),"El Alfa, Bryant Myers, Jon Z, Miky Woodz, Noriel, Plan B",El Hombre,,False,spotify:track:4phvdPGXE8MGXsTBhqB5ht,dembow reggaeton
09_spanish_perreo_party,Bing Bong,"Yailin la Mas Viral, Puyalo Pantera",Bing Bong,,True,spotify:track:0UFSU9k3EvLRyTdzW5BzGb,dembow reggaeton
09_spanish_perreo_party,Happy Birthday,"Tempo, El Alfa",Happy Birthday,,False,spotify:track:0XkGuccSfq43beHberZYKz,dembow reggaeton
09_spanish_perreo_party,Delincuente,"Tokischa, Anuel AA, Ñengo Flow",Delincuente,,True,spotify:track:2ROQe6QkIXODJRx0y8UjzV,dembow reggaeton
09_spanish_perreo_party,Dembow-Latino,CjPolanco,Dembow-Latino,,False,spotify:track:31Wfv8TleHi4Ov5GDLwfw8,dembow reggaeton
09_spanish_perreo_party,Neoperreo,"Secret Society, ALIC3E",Neoperreo,,False,spotify:track:28DBPgLD7pUjGA561yzd8X,neoperreo
09_spanish_perreo_party,Neoperreo - Slowed,"Secret Society, ALIC3E",Neoperreo (EP),,False,spotify:track:2SUzDRI6F4mlskApOPxPO7,neoperreo
09_spanish_perreo_party,Neoperreo - Slowed,Dxvid,Neoperreo (Slowed),,False,spotify:track:3S0LNF0Y0WJpxF7UcxyDtQ,neoperreo
09_spanish_perreo_party,Neoperreo - Mega Slowed,"Secret Society, ALIC3E",Neoperreo (EP),,False,spotify:track:20Md0FDGzZbSoPGO8DXrrN,neoperreo
09_spanish_perreo_party,Neoperreo 2,"Secret Society, ALIC3E, hailesession, INVESTIGATE311",Neoperreo 2,,False,spotify:track:1sswIomUuznrFwryY2X51w,neoperreo
09_spanish_perreo_party,Neoperreo,"Secret Society, ALIC3E",Neoperreo (EP),,False,spotify:track:397TGuOpAPLebodGsW4q9X,neoperreo
09_spanish_perreo_party,"Ride or Die, Pt. 2","Sevdaliza, Villano Antillano, Tokischa",HEROINA,,True,spotify:track:4NiSSIrUefyxvwYEEH1CQK,neoperreo
09_spanish_perreo_party,MUXAXA,"Tokischa, La Mas Doll",MUXAXA,,True,spotify:track:0zNQhDxF7EVm7VUqU7nIBu,neoperreo
09_spanish_perreo_party,Fiebre - Prod. King DouDou,Bad Gyal,Slow Wine Mixtape,,False,spotify:track:3e4EFbKbdLvnW42xGB6tIx,neoperreo
09_spanish_perreo_party,Da Me,Bad Gyal,Da Me,,False,spotify:track:4ppQIsBpwNRKjOPPBZTgd0,neoperreo
09_spanish_perreo_party,EL RITMO QUE NOS UNE - feat. Selección Colombia,"Ryan Castro, SOG",EL RITMO QUE NOS UNE (feat. Selección Colombia),,False,spotify:track:79IBoMfFn67UI15YkP1FSp,Ryan Castro
09_spanish_perreo_party,Mujeriego,Ryan Castro,Mujeriego,,False,spotify:track:78kygHp1dvW1kncYjBgbe1,Ryan Castro
09_spanish_perreo_party,Ba Ba Bad Remix,"Kybba, Sean Paul, Ryan Castro, Busy Signal",Ba Ba Bad Remix,,False,spotify:track:2RnCVOUcOaPeTlFRW3NHQJ,Ryan Castro
09_spanish_perreo_party,SANKA,"Ryan Castro, Dongo",SENDÉ,,True,spotify:track:46ufabZP6oK3ixmN6Gd753,Ryan Castro
09_spanish_perreo_party,LA VILLA,"Ryan Castro, Kapo, Gangsta",LA VILLA,,True,spotify:track:6YkGw5op7PeyP2gmMMMrfJ,Ryan Castro
09_spanish_perreo_party,UNA NOCHE EN MEDELLÍN - REMIX,"KAROL G, Cris MJ, Ryan Castro",MAÑANA SERÁ BONITO (BICHOTA SEASON),,True,spotify:track:0GJwUAlBMJTbY4VE7iE761,Ryan Castro
09_spanish_perreo_party,Baba,Amr Diab,Ebtadena,,False,spotify:track:1GkBG6kv0tDEDALIG7NR2K,Ryan Castro
09_spanish_perreo_party,تاني,"Ahmed Saad, Ruby",بيستهبل,,False,spotify:track:1KbLlklVzYt0ZWW6jpLd7j,Ryan Castro
09_spanish_perreo_party,Ray'a,Amr Diab,Ray'a,,False,spotify:track:0gSwBFfNxzCEmswl2iluW1,Ryan Castro
09_spanish_perreo_party,Mírame,"Blessd, Ovy On The Drums",Mírame,,True,spotify:track:2btNsI4OvcVl7SAHQQDHFB,Blessd
09_spanish_perreo_party,Instagram,Blessd,Instagram,,False,spotify:track:0EFxJw34fK8DWlTxx9qYeW,Blessd
09_spanish_perreo_party,COMO OREO,"Blessd, Fuerza Regida, Ovy On The Drums",COMO OREO,,True,spotify:track:7sRXb5IgYWwVv1DaavHSNs,Blessd
09_spanish_perreo_party,YOGURCITO,Blessd,BlessDeluxury,,True,spotify:track:6rZno3nqeT7hv2PnSWRuYS,Blessd
09_spanish_perreo_party,AMISTA,"Blessd, Ovy On The Drums",TRINIDAD BENDITA,,True,spotify:track:1kJyDcBrZ7rSKnFtKc82vm,Blessd
09_spanish_perreo_party,"YOGURCITO REMIX (feat. Kris R., ROA)","Blessd, Anuel AA, Yan Block, Luar La L, Kris R., ROA","YOGURCITO REMIX (feat. Kris R., ROA)",,True,spotify:track:7nrd0eIftH3NQLfgk20Qp9,Blessd
09_spanish_perreo_party,+57,"KAROL G, Feid, DFZM, Ovy On The Drums, J Balvin, Maluma, Ryan Castro, Blessd",+57,,True,spotify:track:3mg9jYNC1NihbthlglzrWP,Blessd
09_spanish_perreo_party,Palabras Sobran,Blessd,Palabras Sobran,,True,spotify:track:4wu7jIeJCUhQJaXsXVit0e,Blessd
09_spanish_perreo_party,NUEVA YORK,"Blessd, Los Money Makers, Prodmonja",NUEVA YORK,,True,spotify:track:2yhs4Kqr46kKUkuTIAfrCm,Blessd
09_spanish_perreo_party,NUEVA YORK,"Blessd, Los Money Makers, Prodmonja",TRINIDAD BENDITA,,True,spotify:track:5U3sC7aA5NxoMSeI1kmO2n,Blessd
09_spanish_perreo_party,Una Noche en Medellín,Cris MJ,Una Noche en Medellín,,True,spotify:track:0lREs0EdgrMQQKw00yx0Ct,Cris Mj
09_spanish_perreo_party,Gata Only,"FloyyMenor, Cris MJ",Gata Only,,True,spotify:track:6XjDF6nds4DE2BBbagZol6,Cris Mj
09_spanish_perreo_party,SI NO ES CONTIGO,Cris MJ,SI NO ES CONTIGO,,True,spotify:track:5Uptvz6j1sjDKxidAcnH2L,Cris Mj
09_spanish_perreo_party,Después De La 1,"Cris MJ, FloyyMenor, LOUKI",MJ,,True,spotify:track:6PhRhocBXP4y7NpciGmzra,Cris Mj
09_spanish_perreo_party,Vamo a Bailotear,Cris MJ,Apocalipsis,,True,spotify:track:5lCk0ZeN8h76QxNqHEGMZJ,Cris Mj
09_spanish_perreo_party,SI NO ES CONTIGO - REMIX,"Cris MJ, Kali Uchis, JHAYCO",SI NO ES CONTIGO (REMIX),,True,spotify:track:4MAv7MqIlcaTBHGiUXIWiw,Cris Mj
09_spanish_perreo_party,PELIGROSA,FloyyMenor,PELIGROSA,,True,spotify:track:5PCGEfALcpGtURIuTqvX0R,Cris Mj
09_spanish_perreo_party,Gata Only,"FloyyMenor, Cris MJ",EL COMIENZO,,True,spotify:track:2esZG2XFtuoWWA9AfDvSxy,Cris Mj
09_spanish_perreo_party,PELIGROSA,FloyyMenor,EL COMIENZO,,True,spotify:track:42wdz3j7gstgUuhoFLCXqd,Cris Mj
10_argentina_trap_turreo,YaMeFui,"Bizarrap, Duki, Nicki Nicole",YaMeFui,,False,spotify:track:42ahuAFlYGjIGBpVdHcLij,trap argentino
10_argentina_trap_turreo,Goteo,Duki,Goteo,,False,spotify:track:1EoEU4HY57qaITp06TkC6B,trap argentino
10_argentina_trap_turreo,Mala Mía,"LIT killah, Duki",MAWZ,,False,spotify:track:7FfQ2E4LqvwKKOyKXyC2L2,trap argentino
10_argentina_trap_turreo,"Young Miko: Bzrp Music Sessions, Vol. 58/66","Bizarrap, Young Miko","Young Miko: Bzrp Music Sessions, Vol. 58/66",,False,spotify:track:6VciS3dRMpZhJiDxT8ArFi,trap argentino
10_argentina_trap_turreo,UNA BALA,"Milo j, Peso Pluma",111,,True,spotify:track:6Rz80wUWSUbGGVHvkH7NpU,trap argentino
10_argentina_trap_turreo,Entre Nosotros (Remix) [con Nicki Nicole],"Tiago PZK, LIT killah, Maria Becerra, Nicki Nicole",Entre Nosotros (Remix) [con Nicki Nicole],,False,spotify:track:4TGwERXRlyQtBdggYTHo6j,trap argentino
10_argentina_trap_turreo,Angelito,"Bad Gyal, Trueno",Angelito,,False,spotify:track:1gRaHuKLW9Uo9qYkb7MvGP,trap argentino
10_argentina_trap_turreo,KALEB DI MASI | DJ TAO Turreo Sessions #5,"DJ Tao, Kaleb Di Masi",KALEB DI MASI | DJ TAO Turreo Sessions #5,,True,spotify:track:6XBOH2Zzs2lzAEYdDagApH,turreo
10_argentina_trap_turreo,CALLEJERO FINO | DJ TAO Turreo Sessions #723,"DJ Tao, Callejero Fino",CALLEJERO FINO | DJ TAO Turreo Sessions #723,,True,spotify:track:3fUZbg31mIJKIxuv8nUcGg,turreo
10_argentina_trap_turreo,Tu Turrito,"Rei, Callejero Fino",Tu Turrito,,False,spotify:track:45dlaEXrXW47TVbrQ4gK7E,turreo
10_argentina_trap_turreo,TURRAZO,Trueno,TURR4ZO,,True,spotify:track:7MUu6jrCvu48LSrMRDQKv0,turreo
10_argentina_trap_turreo,Uff Mi Amor,Lauty Gram,Uff Mi Amor,,False,spotify:track:76o30Ew0dLD4flhCIq3o2a,turreo
10_argentina_trap_turreo,TURREO,"Farah, Don Kolo",TURREO,,False,spotify:track:1ZQk38OmsdKe4KPJtnBHT7,turreo
10_argentina_trap_turreo,Perdoname (Turreo Edit),"Nico Manriquez, BlackRiver, EZE!",Perdoname (Turreo Edit),,False,spotify:track:2gTskw1fTxPlEOG8fy9erM,turreo
10_argentina_trap_turreo,Si Las Gatas Se Amotinan,"Peipper, DobleP, Locura Mix",Si Las Gatas Se Amotinan,,False,spotify:track:76lXtXJP6VqX6r9Ks3AUy0,turreo
10_argentina_trap_turreo,Si Las Gatas Se Amotinan (feat. DobleP) - Remix,"Peipper, Jombriel, PEDRO SAMPAIO, DobleP, Locura Mix",Si Las Gatas Se Amotinan (feat. DobleP) [Remix],,True,spotify:track:2MYGYUldG51mtKTKvT1h6Q,turreo
10_argentina_trap_turreo,Turreo,DesaKTa2,Mas Que Una Moda,,False,spotify:track:1KNDDDR6QPiJzXHgdJrgcU,turreo
10_argentina_trap_turreo,123,Mesita,TSUNAMI,,False,spotify:track:0Ktmwj7tEsRysaTQMTL2jp,turreo argentino
10_argentina_trap_turreo,Peipper | Mission 11,"Alan Gomez, Peipper",Peipper | Mission 11,,True,spotify:track:3RHh5CYBVN1XP0MS3cg1Bz,turreo argentino
10_argentina_trap_turreo,Tamo Chelo - Remix,"EL NOBA, Callejero Fino, Juanka, L-Gante, Kaleb Di Masi, DT.Bilardo, DINERO EN EL BEAT",Tamo Chelo (Remix),,True,spotify:track:0utOOrcBB24KZil9cgAwXB,turreo argentino
10_argentina_trap_turreo,Yo Argento,"Ponte Perro, LRZ",Yo Argento,,False,spotify:track:7cg6cViD0cLx7ClwAzRtTS,turreo argentino
10_argentina_trap_turreo,SexXxo,"La Joaqui, ECKO, Omar Varela",ML APRENDIDA,,True,spotify:track:3EH8v2esTPHPBF596E3cyG,turreo argentino
10_argentina_trap_turreo,Kooty,Ahmed Saad,THE HYPE ALBUM,,False,spotify:track:66FMn9H0USdWuf71ct1N2b,turreo argentino
10_argentina_trap_turreo,WADINI,Afroto,أفضل أغانى 2024,,False,spotify:track:3aoITEdIAA25UWJlmJeGbD,turreo argentino
10_argentina_trap_turreo,Mamichula - En Vivo,"Trueno, Nicki Nicole",ATREVIDO EN VIVO,,False,spotify:track:0toFR0lJQZL0rqO12zqKLF,rap argentino trap
10_argentina_trap_turreo,rápido lento,"Emilia, Tiago PZK",rápido lento,,False,spotify:track:4xv2A022v5A8nyewDkYOkQ,rap argentino trap
10_argentina_trap_turreo,Fresh & Clean,"Matias Fisher, Homer El Mero Mero",Trece,,True,spotify:track:11JKIlWxUdTaf99k0FNmli,rap argentino trap
10_argentina_trap_turreo,Bamba (feat. Aitch & BIA),"Luciano, Aitch, BIA",Majestic,,True,spotify:track:7sJNeWTXkZCEC7OnFMpGWL,rap argentino trap
10_argentina_trap_turreo,Bamba (feat. Aitch & BIA),"Luciano, Aitch, BIA",Bamba (feat. Aitch & BIA),,True,spotify:track:7nFJSfGvvV0WjatTZN6QYi,rap argentino trap
10_argentina_trap_turreo,La Vida Enseña,Trap Argentino Oficial,Rap Mexicano Enganchados,,True,spotify:track:6VsGaXzBBuI5tIEGmL986i,rap argentino trap
10_argentina_trap_turreo,Sangre y Acero,Trap Argentino Oficial,Rap Mexicano Enganchados,,True,spotify:track:58c6lsUhbNNw5WQI4kMTgV,rap argentino trap
10_argentina_trap_turreo,No Lie,"2 Chainz, Drake",Based On A T.R.U. Story (Deluxe),,True,spotify:track:4Ox97hNeJSWFCZ8vp76vog,rap argentino trap
10_argentina_trap_turreo,GIVENCHY,Duki,GIVENCHY,,True,spotify:track:6bTVP50bbtMtD6RGe2cUoQ,Duki
10_argentina_trap_turreo,Mamichula - con Nicki Nicole,"Trueno, Nicki Nicole, Bizarrap, Taiu, tatool",Atrevido,,False,spotify:track:0TUW9faHNaBmi89wsYGp9y,Duki
10_argentina_trap_turreo,FEEL ME??,Trueno,FEEL ME??,,True,spotify:track:4kELKaXaNP4EQR8Q8xNIID,Duki
10_argentina_trap_turreo,CÓMO CHILLA ELLA,"YSY A, SPONSOR DIOS, Evlay",YSYSMO,,True,spotify:track:0W3TCDzYM7xFrZSaXnQvs4,YSY A
10_argentina_trap_turreo,Pintao,"Duki, YSY A, Rei",Desde el Fin del Mundo,,False,spotify:track:0B8yu7yLe1UsXv6gewHRv2,YSY A
10_argentina_trap_turreo,"YSY A: Bzrp Music Sessions, Vol. 37/66","Bizarrap, YSY A","YSY A: Bzrp Music Sessions, Vol. 37/66",,False,spotify:track:1xXQCSt0xkfeGhe18ey2p8,YSY A
10_argentina_trap_turreo,FLECHAZO EN EL CENTRO,"YSY A, Bhavi, Milo j",TU DUO FAVORITO,,False,spotify:track:4jn3R3KF5hx2fCiXlj89yE,YSY A
10_argentina_trap_turreo,#Ysya2020 Vol. 5 - Silbando,"YSY A, CLUB HATS",#Ysya2020 Vol. 5 - Silbando,,False,spotify:track:6TI490muJ6RgFsYJc626BZ,YSY A
10_argentina_trap_turreo,El Amanecer,YSY A,Antezana 247 (Deluxe Edition),,False,spotify:track:48H3BsuIXKMYRTuFtxkRhh,YSY A
10_argentina_trap_turreo,FULL ICE (prod. ORODEMBOW),YSY A,HECHO A MANO,,False,spotify:track:2wK7D7i9bfVt3uLjFsZSEU,YSY A
10_argentina_trap_turreo,A POR TODO,"YSY A, SPONSOR DIOS, ONIRIA",YSYSMO,,True,spotify:track:5w8dx6u3KGawHWZAJoqyKM,YSY A
10_argentina_trap_turreo,NO DA MÁS,"YSY A, Duki, ONIRIA, Yesan 雪山",EL AFTER DEL AFTER,,False,spotify:track:7jDYmAWdghEWmQyqwLpriE,YSY A
10_argentina_trap_turreo,"Tumbando el Club (feat. C.R.O, Obiewanshot, YSY A, Cazzu, KHEA, Lucho SSJ, Coqeéin Montana, Marcianos Crew & Duki) - Remix","Neo Pistea, C.R.O, Obie Wanshot, YSY A, Cazzu, KHEA, Lucho SSJ, Coqeéin Montana, Marcianos Crew, Duki","Tumbando el Club (feat. C.R.O, Obiewanshot, YSY A, Cazzu, KHEA, Lucho SSJ, Coqeéin Montana, Marcianos Crew & Duki) [Remix]",,True,spotify:track:0OWcpVA83HI8Pb5DybDuoX,YSY A
10_argentina_trap_turreo,MEDUSA REMIX,"Neo Pistea, Duki, KHEA, Pablo Chill-E, C.R.O, enzocerobulto, Malandro, JuicyNise, 0600eneltrack, CLUB HATS",MEDUSA REMIX,,True,spotify:track:3whoNOYqaUJeDNfisAIojI,Neo Pistea
10_argentina_trap_turreo,POLIS,Neo Pistea,CULTO,,False,spotify:track:6pwUpAlIXH2QQP29wenH2Y,Neo Pistea
10_argentina_trap_turreo,NO SOY SAPO,"Neo Pistea, YSY A, Pablo Chill-E",CULTO,,False,spotify:track:2AfrLOrgfeGvs5m8ZYyNUC,Neo Pistea
10_argentina_trap_turreo,GO !,Neo Pistea,CULTO II,,True,spotify:track:5YXz70oFfLpWdTYHDWDAQM,Neo Pistea
10_argentina_trap_turreo,CALI KUSH - Remix,"Big Soto, Akapellah, Neo Pistea, Lucho SSJ, ITHAN NY, Skisia2, Trainer",NOSTALGIA CITY,,True,spotify:track:6G6I95ZVgUyR1nlH3sMuYT,Neo Pistea
10_argentina_trap_turreo,GRILLZ,"Trueno, Neo Pistea",TURR4ZO,,False,spotify:track:27eiKAqkQ1INARLdrJ1yy7,Neo Pistea
10_argentina_trap_turreo,Peli-Culeo,"Cazzu, De La Ghetto, Randy Nota Loca",Nena Trampa,,True,spotify:track:2pEmxGe9nMIjg8wniWkYjJ,Cazzu
10_argentina_trap_turreo,Chapiadora,"Cazzu, Omar Varela, MYKKA",Chapiadora,,False,spotify:track:04QLFxiUzVVD6kFekO0FIZ,Cazzu
10_argentina_trap_turreo,"Cazzu: Bzrp Music Sessions, Vol. 32/66","Bizarrap, Cazzu","Cazzu: Bzrp Music Sessions, Vol. 32/66",,False,spotify:track:1MZqHpFyB4j5tFCFNvURou,Cazzu
10_argentina_trap_turreo,Mucha Data,Cazzu,Error 93,,True,spotify:track:57x0IGrEHEdoy5QMBlcitJ,Cazzu
10_argentina_trap_turreo,Nada,"Cazzu, Lyanno, Rauw Alejandro, Dalex",Error 93,,True,spotify:track:7DOh0tBGnyMt6C5OO7o8Yq,Cazzu
10_argentina_trap_turreo,De Chamquitx,"Eladio Carrion, Cazzu",CORSA,,True,spotify:track:1KhoFLVowDHqt1hu9hSNzx,Cazzu
10_argentina_trap_turreo,Con otra,Cazzu,Con otra,,False,spotify:track:38EGs4h8GqgrS1HT344SCQ,Cazzu
10_argentina_trap_turreo,Brinca,"Cazzu, Young Miko",Nena Trampa (Deluxe Edition),,True,spotify:track:77z9iYnZxmx89VGgaKfbFh,Cazzu
10_argentina_trap_turreo,Toda - Remix,"Alex Rose, Rauw Alejandro, Lenny Tavárez, Cazzu, Lyanno",ENR,,False,spotify:track:5kCoykriGdZhWMlm9vrtQI,Cazzu
10_argentina_trap_turreo,La Trampa es Ley,LIT killah,La Trampa es Ley,,False,spotify:track:5Us3svqTvNAdnQfEYfoL5g,Lit Killah
10_argentina_trap_turreo,Si Te Vas 2.0,"LIT killah, Paulo Londra, KHEA, Ramma",Si Te Vas 2.0,,False,spotify:track:69NUba8fukuax13XWCaXva,Lit Killah
10_argentina_trap_turreo,Entre Nosotros,"Tiago PZK, LIT killah",Entre Nosotros,,False,spotify:track:6w8yBI2vthyN9UnwO4UBWb,Lit Killah
10_argentina_trap_turreo,Si Te Vas,LIT killah,Si Te Vas,,False,spotify:track:5VsHkOtg0Llpa6mTGZhp5e,Lit Killah
10_argentina_trap_turreo,Entre Nosotros,"Tiago PZK, LIT killah",Portales,,False,spotify:track:5LazbgCsa2IskJbPMnI8Qd,Lit Killah
10_argentina_trap_turreo,Khanza2or,Abyusif,Khanza2or,,False,spotify:track:0Nsiu1QigYYd8QKWTnDiG4,Lit Killah
10_argentina_trap_turreo,The Door (Tiago PZK Version),"Teddy Swims, Tiago PZK",The Door (Tiago PZK Version),,True,spotify:track:4yq8Oc51K2mgLfo9BjU3Rr,Tiago PZK
10_argentina_trap_turreo,"Tiago PZK: Bzrp Music Sessions, Vol. 48/66","Bizarrap, Tiago PZK","Tiago PZK: Bzrp Music Sessions, Vol. 48/66",,False,spotify:track:6VAS7m73rDopQe7BdrFMpD,Tiago PZK
10_argentina_trap_turreo,Piel,"Tiago PZK, Ke Personajes",Piel,,True,spotify:track:4wS0TnQzVkY9ML1BPKpOk1,Tiago PZK
10_argentina_trap_turreo,Piel,"Tiago PZK, Ke Personajes",GOTTI A,,True,spotify:track:6kPCcIAGoTeRrh8qrmKa90,Tiago PZK
10_argentina_trap_turreo,Me Enteré,"Tiago PZK, TINI",Me Enteré,,False,spotify:track:5FWQLEX0lavdxiWGBNkBQ4,Tiago PZK
10_argentina_trap_turreo,Que Se Parezca A Ti,Tiago PZK,Portales (Deluxe Edition),,False,spotify:track:1egG8nOtq5l9ZiqVRT7KM6,Tiago PZK
10_argentina_trap_turreo,Una Foto Remix (feat. Emilia),"Mesita, Nicki Nicole, Tiago PZK, Emilia",Una Foto Remix (feat. Emilia),,True,spotify:track:1kqH58eGh2ZTOHwqBIB2tM,Tiago PZK
11_rkt_cumbia_420,L-Gante: RKT SESSIONS #1,"Papu DJ, L-Gante",L-Gante: RKT SESSIONS #1,,False,spotify:track:4A9u8OrzFYbxdjiydkNdUi,RKT
11_rkt_cumbia_420,30 Grados,"El Turko, Mandale Flow",30 Grados,,False,spotify:track:6IRRoV7AbjHT8JWP4uFrD5,RKT
11_rkt_cumbia_420,Don Omar RKT,GON RMX,Don Omar RKT,,False,spotify:track:5av7IXa8tyiEn8L8x4baCP,RKT
11_rkt_cumbia_420,Butakera,"La Joaqui, Alan Gomez, EL NOBA",Butakera,,False,spotify:track:60DHrnRAhNJMy4WeEf23NH,RKT
11_rkt_cumbia_420,PUTERÍ4,"DobleP, Peipper, Locura Mix, VERNAZ",PUTERÍ4,,False,spotify:track:1IgrATr9zMmRjtFVFY6O7s,RKT
11_rkt_cumbia_420,Rakata,IMSIRO,Rakata,,False,spotify:track:1vsGIDXW1Cxeye6KcqxYPH,RKT
11_rkt_cumbia_420,Treme o Bumbum,Mc Leléto,Treme o Bumbum,,True,spotify:track:4FhcXIwLE370GCMWe0FL0g,RKT
11_rkt_cumbia_420,Rakata,"Stanhead, FL3R, Afro Queen",Rakata,,False,spotify:track:6LFPDv7Wnqd7xGBGWCyA1T,RKT
11_rkt_cumbia_420,¿Que Paso Te Asustaste? Rkt - Remix,Agustín Arnedo,¿Que Paso Te Asustaste? Rkt (Remix),,True,spotify:track:6gKqLBgLLuLLL6C78uNYfm,rkt remix
11_rkt_cumbia_420,Rkt Rmx - Remix,"Dj Drewther, Kid Moonsta, Easy Mo, Alexis Rostro",Rkt Rmx (Remix),,True,spotify:track:2DhVtVuoTPaDJu2c3Jn1fW,rkt remix
11_rkt_cumbia_420,La Mayoria de las Nenas Lindas Rkt - Remix,Jortyz DJ,La Mayoria de las Nenas Lindas Rkt (Remix),,False,spotify:track:1JCFOEZarET968XMDofyL2,rkt remix
11_rkt_cumbia_420,M.A - Remix,"BM, Callejero Fino, La Joaqui, Lola Indigo",M.A (Remix),,True,spotify:track:7JB29gnUowzSGRdIpeVqRQ,rkt remix
11_rkt_cumbia_420,Mega Francesita 2017,DJ Kbz,Mega Francesita 2017,,False,spotify:track:6PyDzoKOdDX1K7PYOWvduq,rkt remix
11_rkt_cumbia_420,Captus,DJ Lancinhouse,Captus,,False,spotify:track:6UY1A7N9FHPAYpK4FBE1uA,rkt remix
11_rkt_cumbia_420,Anuel AA - RKT,GON RMX,Anuel AA - RKT,,False,spotify:track:72li1coLLSz4PnmHdRavWi,rkt remix
11_rkt_cumbia_420,RKT INSTA,Papu DJ,RKT INSTA,,False,spotify:track:5boIailJ86yMidjVZDsVS7,rkt remix
11_rkt_cumbia_420,Cumbia 420,ILUMINATIK BUFFON,Cumbia 420,,True,spotify:track:7d9rPGUvndzVNsOyQ9XMjR,cumbia 420
11_rkt_cumbia_420,Cumbia 420,"Shushupe, Tribilin Sound",Cumbia 420,,False,spotify:track:29S2niVVXcSRa5ZfvcaGj8,cumbia 420
11_rkt_cumbia_420,CUMBIA 420,Rolando Plasencia,Once Again,,True,spotify:track:3Rq7GXlYfuaKXAttaS74Ex,cumbia 420
11_rkt_cumbia_420,Cumbia 420,"El Antuanico 821, Tosko one/Gray side 821",Cumbia 420,,True,spotify:track:4jom6f8xlmofD8FHOC2afL,cumbia 420
11_rkt_cumbia_420,Tiro Tiro,"Ilan Amores, Damas Gratis",Tiro Tiro,,False,spotify:track:107HJUnHzmEWUfLcV5dd1U,cumbia 420
11_rkt_cumbia_420,HEGEMONICA,"Dillom, L-Gante",POST MORTEM,,True,spotify:track:4EROxQ47IZNf5fOFC3MbA0,cumbia 420
11_rkt_cumbia_420,DOBLE P | DJ TAO Turreo Sessions #21,"DJ Tao, DobleP",DOBLE P | DJ TAO Turreo Sessions #21,,False,spotify:track:4dWzA1JJ0QOTUNBrYv8K9N,cumbia 420
11_rkt_cumbia_420,Anda Sola Rkt,Eme Sarav,Anda Sola Rkt,,False,spotify:track:3IwV2YXmsMJV201w6irZO3,cumbia 420
11_rkt_cumbia_420,Se Te Ve la Tanga,Damas Gratis,El Bonaerense,,False,spotify:track:3GUMMzUB7Kk0BSqxEDyieS,cumbia 420
11_rkt_cumbia_420,"Yendo No, Llegando","Perro Primo, EL NOBA, R Jota, Dj Plaga, DT.Bilardo","Yendo No, Llegando",,True,spotify:track:166qsYi2wR3u6qfg7wrh1r,cumbia 420
11_rkt_cumbia_420,MDQ - REMIX OFICIAL,"RYH, Big Apple, John C",MDQ (REMIX OFICIAL),,True,spotify:track:1ACploEfZLPleQxgFQuNKU,cumbia 420 remix
11_rkt_cumbia_420,Tu Y Yo - Cumbia Remix,"Thalia, A.B. Quintanilla III, Kumbia Kings",Thalia,,False,spotify:track:5ZYR17P7sT73hcIMn9tmZ8,cumbia 420 remix
11_rkt_cumbia_420,Mata - Remix,"Marka Akme, Alan Gomez, Callejero Fino, ECKO, Pushi",Mata (Remix),,False,spotify:track:5Wa4c3jpfHpL1Cg5QoepbV,cumbia 420 remix
11_rkt_cumbia_420,Cual Fue? - Remix,"Danilo Montana, The La Planta, BM",Cual Fue? (Remix),,False,spotify:track:7ESW1EAnlel9tDIeR0BJE7,cumbia 420 remix
11_rkt_cumbia_420,Cumbia 420 Rkt Beat - Instrumental,"FROMAYO, MG Selecta",Cumbia 420 Rkt Beat (Instrumental),,False,spotify:track:5Hlu7tQyrKwRP8tEZjBkL1,cumbia 420 remix
11_rkt_cumbia_420,La Cumbia De Los Trapos,Yerba Brava,Cumbia Villera,,False,spotify:track:79yOF3p0RbIAnrxxF8wiPS,cumbia 420 remix
11_rkt_cumbia_420,Tu Y Yo - Cumbia Remix,"Thalia, A.B. Quintanilla III, Kumbia Kings",CUMBIAS DE VERANO 2026,,False,spotify:track:3di9Izbji3B0RcZAie3BwX,cumbia 420 remix
11_rkt_cumbia_420,Malo H - Remix,"Pirlo, Leandro Santos",Malo H (Remix),,True,spotify:track:4tAxviSnEboFWHkvIyRo88,cumbia 420 remix
11_rkt_cumbia_420,Sople - Remix,"Kris R., Kidd Keo, Pirlo, Totoy El Frio",Sople (Remix),,True,spotify:track:6w83v6yFxeBBIMRl2xqHo7,cumbia 420 remix
11_rkt_cumbia_420,Turreo Rkt,Fdg,Turreo Rkt,,True,spotify:track:0TigdquFDNPgeqdqj4bXdD,turreo rkt
11_rkt_cumbia_420,Te Busco - Turreo,DJ Mutha,Te Busco (Turreo),,False,spotify:track:6hUJmGdWqbXJ9HPXPGzyeP,turreo rkt
11_rkt_cumbia_420,MARTINWHITE | DJ TAO Turreo Sessions #28,"DJ Tao, Martinwhite",MARTINWHITE | DJ TAO Turreo Sessions #28,,False,spotify:track:4r17F7bDkjMgTxLtPQk8pp,turreo rkt
11_rkt_cumbia_420,M.A (Mejores Amigos),"BM, Phontana",M.A (Mejores Amigos),,True,spotify:track:61wAL7pFMMfvYv9SXIiYAB,turreo rkt
11_rkt_cumbia_420,RKT TURRO,Matii DJJ,RKT TURRO,,True,spotify:track:407FhxEBVRwgav71pFNTyz,turreo rkt
11_rkt_cumbia_420,Hace Calor,"Kaleb Di Masi, Omar Varela",Hace Calor,,False,spotify:track:5j3wzSS6z80VEs71O0gysC,Kaleb Di Masi
11_rkt_cumbia_420,Hace Calor - Remix,"Kaleb Di Masi, Sfera Ebbasta, Rvfv, Omar Varela",Hace Calor (Remix),,False,spotify:track:3h043RAJ7tKaG1HDFeet6w,Kaleb Di Masi
11_rkt_cumbia_420,Matatan - Remix,"Kaleb Di Masi, ECKO, Cazzu, Brray, Alan Gomez, DJ Tao",Matatan (Remix),,True,spotify:track:4S1KxKOfMg8SbH97TxYqPY,Kaleb Di Masi
11_rkt_cumbia_420,De Lao A Lao: Turreo Sessions #5 - Remix,"DJ Tao, Kaleb Di Masi, LIT killah",De Lao A Lao: Turreo Sessions #5 (Remix),,True,spotify:track:2HzBvPeC6JVwvHIVfCDdnC,Kaleb Di Masi
11_rkt_cumbia_420,ATREVIDA,"FACUU DJ, Kaleb Di Masi",ATREVIDA,,False,spotify:track:4vKIjUmuS9lmW3dInclbgG,Kaleb Di Masi
11_rkt_cumbia_420,you and me,Caleb Joseph,you and me,,False,spotify:track:5CtaW4jMhhoKtyp4pqh8Il,Kaleb Di Masi
11_rkt_cumbia_420,Break the Wave,Caleb Nightingale,Overdue,,False,spotify:track:3rKtd2YPeKzW2NtHBVeODm,Kaleb Di Masi
11_rkt_cumbia_420,Break Free.,Caleb Nightingale,Overdue,,False,spotify:track:2NBD8Y6RBCpwTGfT9fUC2d,Kaleb Di Masi
11_rkt_cumbia_420,City Nights,Caleb Nightingale,Overdue,,False,spotify:track:3SEXck1ws2xMdi7nwV6eV8,Kaleb Di Masi
11_rkt_cumbia_420,"L-Gante: Bzrp Music Sessions, Vol. 38/66","Bizarrap, L-Gante","L-Gante: Bzrp Music Sessions, Vol. 38/66",,False,spotify:track:1Crj1zkRMpsEjb9NOR6Zof,L-Gante
11_rkt_cumbia_420,Funky420 (feat. Ronaldinho Gaúcho & Tu Musica),"L-Gante, Bonny Lovy, JERÔME, Lacho, Ronaldinho Gaúcho, Tu Musica",Funky420 (feat. Ronaldinho Gaúcho & Tu Musica),,False,spotify:track:2GohE8POWsqNqJtQl93MHU,L-Gante
11_rkt_cumbia_420,Antes Que Me Vaya,L-Gante,Celda 4,,False,spotify:track:2En6NYJgBm19qdcicRaU1d,L-Gante
11_rkt_cumbia_420,Perrito Malvado,"Damas Gratis, L-Gante, Marita",Perrito Malvado,,True,spotify:track:1sZ39ZxvFo8FyMz4s7iVlf,L-Gante
11_rkt_cumbia_420,El Último Romántico,"L-Gante, NEGRO DUB, DT.Bilardo",El Último Romántico,,False,spotify:track:7aPSMl8bmlHtbi9ZBYbPmq,L-Gante
11_rkt_cumbia_420,Otra poesia,"L-Gante, DT.Bilardo",Otra poesia,,False,spotify:track:5NtbDoRur8iL5OnqjQy0Dq,L-Gante
11_rkt_cumbia_420,Bandera,"L-Gante, El Mas Berrako",Bandera,,False,spotify:track:6REdpzqGwd62ZJtRdwv5dA,L-Gante
11_rkt_cumbia_420,FOREVER TU GANTEL,"Omar Courtz, Ñengo Flow",POR SI MAÑANA NO ESTOY,,True,spotify:track:1YAWMfsmduIrpqrjP45pFn,L-Gante
11_rkt_cumbia_420,GANTEL y BELLAKz,"Omar Courtz, BASSYY",POR SI MAÑANA NO ESTOY,,True,spotify:track:7cVS9dvpA6p2dIVibiGaso,L-Gante
11_rkt_cumbia_420,LA JOAQUI | Mission 08,"Alan Gomez, La Joaqui",LA JOAQUI | Mission 08,,True,spotify:track:3ZkUgtNi45G8qdmya5UTgV,La Joaqui
11_rkt_cumbia_420,SAN TURRONA,La Joaqui,SAN TURRONA,,True,spotify:track:0EOynYGvn9TbAyKPyMAStL,La Joaqui
11_rkt_cumbia_420,Echarme Al Olvido,"Grupo Cañaveral De Humberto Pabón, La Joaqui",Echarme Al Olvido,,False,spotify:track:16Pff0FadGUI8noya36AsN,La Joaqui
11_rkt_cumbia_420,TURRA,"Cazzu, Alan Gomez",TURRA,,True,spotify:track:4w3R0drhPCc7zeO2OtBV8r,La Joaqui
11_rkt_cumbia_420,Muñecas,"TINI, La Joaqui, Steve Aoki",Cupido,,False,spotify:track:4yPmTUkWmUfLPQLCccp0DR,La Joaqui
11_rkt_cumbia_420,DDDD,Marwan Pablo,آخر قطعة فنية,,False,spotify:track:2rTyn90zxRJdSRxy7ptEEb,La Joaqui
11_rkt_cumbia_420,Etamen,Tamer Hosny,Ekhtart Sah,,False,spotify:track:5ti8xf2EXHvNFipCq7MzNa,La Joaqui
11_rkt_cumbia_420,Loquita - Remix,"ECKO, Los Turros, DobleP, Cristian Di Marco",Loquita (Remix),,False,spotify:track:2N0hVk2Ant8751xPZUjCV2,Ecko rkt
11_rkt_cumbia_420,ECKO | DJ TAO TURREO SESSIONS #1,"DJ Tao, ECKO",ECKO | DJ TAO TURREO SESSIONS #1,,True,spotify:track:0prN6gEYAMz3hYsMRcFjCl,Ecko rkt
11_rkt_cumbia_420,Turraka - Remix,"Kaleb Di Masi, ECKO, Papichamp, Blunted Vato, Bruno LC",Turraka (Remix),,False,spotify:track:3wiLfuXnGQ7fyG4uHa5GpW,Ecko rkt
11_rkt_cumbia_420,Combi Nueva,"Papichamp, L-Gante, Blunted Vato, ECKO",Combi Nueva,,False,spotify:track:5hqAc7ZD21UREu9mNKuLhr,Ecko rkt
11_rkt_cumbia_420,Echo,LOVIXX,Echo,,False,spotify:track:2eSARqUgSUcDvdfZCn8b4z,Ecko rkt
11_rkt_cumbia_420,Echo,"RSCL, Repiet, Julia Kleijn",Echo,,False,spotify:track:32fmwlkq7srmOAb5N0vdyj,Ecko rkt
11_rkt_cumbia_420,Mas Lentito,"Lolo OG, ECKO, Omar Varela, El Turko",Mas Lentito,,True,spotify:track:4aQPo6LD74HVgGOfOLotSZ,Ecko rkt
11_rkt_cumbia_420,Ecos,El negro rd,Ecos,,False,spotify:track:7DWwWDpr2rVxB7kj2C00aj,Ecko rkt
11_rkt_cumbia_420,Eco Esencial,3EN1,Eco Esencial,,False,spotify:track:3KhUzbIqpjDuaeqaMmv1F8,Ecko rkt
11_rkt_cumbia_420,CALLEJERO FINO | Mission 10,"Alan Gomez, Callejero Fino",CALLEJERO FINO | Mission 10,,True,spotify:track:12BLBKATlbWXPhuSNL8eAr,Alan Gomez rkt
11_rkt_cumbia_420,Raka Taka Taka,"Alan Gomez, Lucas Rmx, Matias Mareco",Raka Taka Taka,,False,spotify:track:44QXuTojkKWGPlgeky4AIN,Alan Gomez rkt
11_rkt_cumbia_420,Matatan,"Kaleb Di Masi, Alan Gomez",Matatan,,True,spotify:track:7jaYm0oq552xugGmOeE6w5,Alan Gomez rkt
11_rkt_cumbia_420,Luck Ra | Mission 15,"Alan Gomez, Luck Ra",Luck Ra | Mission 15,,True,spotify:track:6CIMoDfTsvFVGhFi3v9Izn,Alan Gomez rkt
11_rkt_cumbia_420,PERREO VS RKT,Alaan fonseca DJ,PERREO VS RKT,,False,spotify:track:41IIcl1fhadjuHgXLIafO9,Alan Gomez rkt
11_rkt_cumbia_420,MEGA DON OMAR RKT,Alan Gomez RMX,MEGA DON OMAR RKT,,False,spotify:track:46xS1n5PD8lvxzKnlKtRcY,Alan Gomez rkt
12_supermerk2_cumbia_villera,La resaka,Supermerk2,La Lata,,False,spotify:track:12rV4fh9cnftIXXmTtjhhI,Supermerk2
12_supermerk2_cumbia_villera,Que Calor,Supermerk2,La Lata,,False,spotify:track:6UhA9om01c39JQAT17rtQn,Supermerk2
12_supermerk2_cumbia_villera,La Lata,Supermerk2,La Lata,,False,spotify:track:6vuVjYLw5uW8dOFitAtMzc,Supermerk2
12_supermerk2_cumbia_villera,Que Calor,Supermerk2,Grandes Exitos RMX,,False,spotify:track:402czXt8RsDPBoiEdxae1q,Supermerk2
12_supermerk2_cumbia_villera,Resaka,Supermerk2,¿Qué No Vale Nada?,,False,spotify:track:39p88dp2Ya9bHDowBaf8RE,Supermerk2
12_supermerk2_cumbia_villera,Que Calor,Supermerk2,Supermerk2 & Meta Guacha: 2x1,,False,spotify:track:43a4fBKL1HlRPCYOsZdh3j,Supermerk2
12_supermerk2_cumbia_villera,La Resaka,Supermerk2,Supermerk2 & Meta Guacha: 2x1,,False,spotify:track:1m2aRKPRkogKzkEwbGSs34,Supermerk2
12_supermerk2_cumbia_villera,La resaka,"Supermerk2, Magenta",La Lata,,False,spotify:track:0uTjfePEvSLglgZxbKOuJh,Supermerk2
12_supermerk2_cumbia_villera,Supermercado,Mon Laferte,1940 Carmen,,False,spotify:track:7L72ZKa8nvYc0SvrYkhoux,Supermerk2
12_supermerk2_cumbia_villera,Supermercado,Natymy,Supermercado,,False,spotify:track:5kAehsoO7TN9euET6siDUE,Supermerk2
12_supermerk2_cumbia_villera,La Resaka - Remix,Supermerk2,La Resaka (Remix),,False,spotify:track:6z460HCWaQSTkCKTWLKT3c,Supermerk2 remix
12_supermerk2_cumbia_villera,Que Calor - Remix,"Supermerk2, Nico Vallorani DJ, Emus DJ",Que Calor (Remix),,False,spotify:track:0aPYEakMxmZ3dpcdCYCbJN,Supermerk2 remix
12_supermerk2_cumbia_villera,La Resaka - Remix,Supermerk2,La Resaka,,False,spotify:track:0RGdOOAvrydQ0x2RYYVFZ5,Supermerk2 remix
12_supermerk2_cumbia_villera,La Resaka - Remix,"El Jarra, Supermerk2",La Resaka (Remix),,False,spotify:track:1rj79cPgQjzNvclwGecAAQ,Supermerk2 remix
12_supermerk2_cumbia_villera,Persecuta - Remix,"Sound De Barrio, Supermerk2, El Pepo, XXL Irione, El Mudo",Persecuta (Remix),,False,spotify:track:3Gx0L8qBv5eIahz90pa1O1,Supermerk2 remix
12_supermerk2_cumbia_villera,EL Kebeer,Ahmed Mekky,El Kebeer,,False,spotify:track:74kFi2md0aBivLIYBE546H,Supermerk2 remix
12_supermerk2_cumbia_villera,SUPERHERO.,Wegz,GADWAL EL DARB,,False,spotify:track:6tdt6VFebIqgjAsRQOf7Tq,Supermerk2 remix
12_supermerk2_cumbia_villera,CAP MERCEDES,ZIAD ZAZA,CAP MERCEDES,,False,spotify:track:1e6lP3m32MeLVEtZ2W1tnI,Supermerk2 remix
12_supermerk2_cumbia_villera,Bailan Rochas y Chetas,"Nene Malo, Magenta",Me Declaro Culpable,,False,spotify:track:3lC4mM6NiSLttfYTv1HTNQ,cumbia villera
12_supermerk2_cumbia_villera,Yo Me Enamore,Amar Azul,Cumbia Nena,,False,spotify:track:6pHggeQk3ZnOm10uAnsqAG,cumbia villera
12_supermerk2_cumbia_villera,Pibe Cantina,Yerba Brava,Cumbia Villera,,False,spotify:track:3d7pveUZGAg7wSSeL5nwNG,cumbia villera
12_supermerk2_cumbia_villera,Cumbia Villera,Yerba Brava,Cumbia Villera,,False,spotify:track:41Urh8nS7ZBnVuOsazuHfE,cumbia villera
12_supermerk2_cumbia_villera,Vamos A Bailar,Yerba Brava,Corriendo La Coneja,,False,spotify:track:657aFPrDGW4f57rkoCG4lS,cumbia villera
12_supermerk2_cumbia_villera,Vamos A Bailar,Yerba Brava,Yerba Brava: 20 Grandes Éxitos,,False,spotify:track:0Sg9ukzjR9ckaJcgkniMei,cumbia villera
12_supermerk2_cumbia_villera,Cumbia Villera - Instrumental de Cumbia,Alives Beats,Cumbia Villera (Instrumental de Cumbia),,True,spotify:track:1Y51SNBdQGJsyGhc4RenIg,cumbia villera
12_supermerk2_cumbia_villera,Olvidate,New One,1-2-3 Go,,False,spotify:track:7rl5c4zyKzy9cmY21Zzlxc,cumbia villera argentina
12_supermerk2_cumbia_villera,Poeta Enamorado,Grupo uno,Eres,,False,spotify:track:7hz1CZ9EqizK9QjAIQFqRi,cumbia villera argentina
12_supermerk2_cumbia_villera,KU',"LIT killah, De La Ghetto, L-Gante",SnipeZ,,True,spotify:track:4oytkdKzhEDBJOVvnQtX9y,cumbia villera argentina
12_supermerk2_cumbia_villera,KU',"LIT killah, De La Ghetto, L-Gante",KU',,True,spotify:track:261Jxss9utRCMg11TWEU8M,cumbia villera argentina
12_supermerk2_cumbia_villera,Hay dime cumbia villera argentina,Divoz,Hay dime cumbia villera argentina,,False,spotify:track:58rhgH6J2lgrZuUDrAkwt3,cumbia villera argentina
12_supermerk2_cumbia_villera,Sigue bailando mi amor,Escucha!,Triste Palomita,,False,spotify:track:5YMmXk3DlySsw2z5BS47Hq,cumbia villera argentina
12_supermerk2_cumbia_villera,A Escondidas,Agrupación Marilyn,Testimonios y Amores,,False,spotify:track:0HX61VjAhwo53v5v215BBf,cumbia villera argentina
12_supermerk2_cumbia_villera,Una Cumbiaita a la Pared,"Diego Rous, Care Leche",Una Cumbiaita a la Pared,,True,spotify:track:212dj9kqpgoUEeZXu88tz1,cumbia villera argentina
12_supermerk2_cumbia_villera,No Te Creas Tan Importante - En Vivo,"Damas Gratis, Viru Kumbieron",No Te Creas Tan Importante (En Vivo),,False,spotify:track:3trowLiYwwOoiwapLISNyk,Damas Gratis
12_supermerk2_cumbia_villera,El humo de mi fasito,Damas Gratis,100% Negro Cumbiero,,False,spotify:track:0afBIRqOPTLPNHzRMPLEf0,Damas Gratis
12_supermerk2_cumbia_villera,Soy Paraguayo y Qué,Damas Gratis,Inéditos,,False,spotify:track:5agBqbO9HcqRjLX12Pdhc8,Damas Gratis
12_supermerk2_cumbia_villera,Los Dueños del Pabellon,Damas Gratis,El Bonaerense,,False,spotify:track:2Hd6a7rO8DrHgfGTiDIY8K,Damas Gratis
12_supermerk2_cumbia_villera,Me Vas a Extrañar - En Vivo,"Damas Gratis, Viru Kumbieron",Me Vas a Extrañar (En Vivo),,False,spotify:track:3CACzG9I3AoKUKA3ODE5zW,Damas Gratis
12_supermerk2_cumbia_villera,Costumbres - Vivo,"Damas Gratis, Ke Personajes",Costumbres (Vivo),,False,spotify:track:6HT88WDVwEJiHEbPuQ5XcB,Damas Gratis
12_supermerk2_cumbia_villera,La Danza de los Mirlos - En Vivo,Damas Gratis,En Vivo - Hasta las Manos,,False,spotify:track:0sPDBBsLvTYye4JkgTHCSn,Damas Gratis
12_supermerk2_cumbia_villera,"Mix Pablito HC - Quiero Saber De Ti, Me va a extrañar, Y Me Volvi a Acordar de Ti",La Super Orquesta,Lo Intentamos,,False,spotify:track:0oR89Uj71R27xhexB3NM8r,Pablito Lescano
12_supermerk2_cumbia_villera,Contigo Me Gusta - En Vivo,"Damas Gratis, Grupo Trinidad, Pablo Lescano",Lávate la Cara / La Piel Bien Caliente / Contigo Me Gusta (En Vivo),,False,spotify:track:1mhOSQgZj12Z2QVcR3kEfr,Pablito Lescano
12_supermerk2_cumbia_villera,Una Calle Nos Separa - En Vivo,"Los Agüero, Pablo Lescano",40 Años Especial Navidad (En Vivo),,False,spotify:track:7verT2EcTQmP57atdTTm9V,Pablito Lescano
12_supermerk2_cumbia_villera,Pablito,L!LXOXO,Pablito,,False,spotify:track:0w4yYloQ0RAQCXk6SvemU5,Pablito Lescano
12_supermerk2_cumbia_villera,Ramis,"Anonymous, Pablo Carcamo","Pablo Carcamo: Aconcagua - Panpipes From Bolivia, Peru and Ecuador",,False,spotify:track:0MCCbJJXNIfrXCRBRUUAq5,Pablito Lescano
12_supermerk2_cumbia_villera,Mirame Una Vez Mas - En Vivo,"Los Agüero, Pablo Lescano",40 Años Especial Navidad (En Vivo),,False,spotify:track:0mTaQRUhdfQ9gLCwWtv6Yb,Pablito Lescano
12_supermerk2_cumbia_villera,Falso Amor - 2025 versión remasterizada,Djpablitto,Falso Amor (2025 versión remasterizada),,False,spotify:track:3RmqhxzfdYOwpXTX0ykiAA,Pablito Lescano
12_supermerk2_cumbia_villera,PABLO Y QUIRINO,masi mc,PABLO Y QUIRINO,,False,spotify:track:228fs2lPA4DFRU5Qs7qd03,Pablito Lescano
12_supermerk2_cumbia_villera,Como te voy a olvidar,Yerba Brava,Volando Alto,,False,spotify:track:0G6j6Tp5x3TF00TrUXtfkv,Yerba Brava
12_supermerk2_cumbia_villera,Cosas Del Amor,Yerba Brava,Nunca Se Acaba,,False,spotify:track:5NLQrrvnWFrwbtl5Li3AuB,Yerba Brava
12_supermerk2_cumbia_villera,La Canción Del Yuta,Yerba Brava,Cumbia Villera,,False,spotify:track:3WL1JRWYnfjqpfz8gHqcgL,Yerba Brava
12_supermerk2_cumbia_villera,Borracho Total,Yerba Brava,Humilde 10 Años,,False,spotify:track:1MyRXdUNWol66zvr4ZLWHl,Yerba Brava
12_supermerk2_cumbia_villera,"Yerba, cerveza y mujer",Yerba Brava,Con Buena Leche,,False,spotify:track:0n4dZht6aBt8YDcP6TccjR,Yerba Brava
12_supermerk2_cumbia_villera,Llegamos los Pibes Chorros,Los Pibes Chorros,Solo Le Pido a Dios,,False,spotify:track:5CORS17eUEK7kZOiwDarzj,Los Pibes Chorros
12_supermerk2_cumbia_villera,Los pibes chorros,"Los Pibes Chorros, Magenta",Arriba Las Manos,,False,spotify:track:4vyyPwnTFdxKKYHpTbVTyj,Los Pibes Chorros
12_supermerk2_cumbia_villera,Los pibes chorros,Los Pibes Chorros,Pibes Chorros - Arriba las manos,,False,spotify:track:7u6tPbXPFd7VO3hrvr0qZb,Los Pibes Chorros
12_supermerk2_cumbia_villera,La danza del humo,Los Pibes Chorros,Pibes Chorros - Arriba las manos,,False,spotify:track:3c45eG0Xsq1OS4pyyJxMly,Los Pibes Chorros
12_supermerk2_cumbia_villera,La danza del humo,"Los Pibes Chorros, Magenta",Arriba Las Manos,,False,spotify:track:1dVtCpgNYieG52e9o4sRNE,Los Pibes Chorros
12_supermerk2_cumbia_villera,La Danza Del Humo,Los Pibes Chorros,Discografía Completa Vol.1,,False,spotify:track:038nO65XzhfZ3YmrkIzYtt,Los Pibes Chorros
12_supermerk2_cumbia_villera,BLING BLING,"Maluma, Octavio Cuadras, Grupo Marca Registrada",BLING BLING,,False,spotify:track:3ZsaMkZP7MPxIUcepUW9mS,Los Pibes Chorros
12_supermerk2_cumbia_villera,Volver a Empezar,Los Pibes del Penal,Volver a Empezar,,False,spotify:track:2pQY2fPzmKsLYL1UVXqsfa,Los Pibes Chorros
12_supermerk2_cumbia_villera,TBT,"Hades66, Blessd, Luar La L, LA M RECORDS, LA X27, Slick La Mina, Blackinny",TBT,,True,spotify:track:4Pg6wwrHnrM9WqRgcpEBIV,Los Pibes Chorros
12_supermerk2_cumbia_villera,OA,"Anuel AA, Quevedo, Maluma, Mambo Kingz, DJ Luian",OA,,True,spotify:track:6gMj2DzKR2PjrrbNSwcGFR,Los Pibes Chorros
12_supermerk2_cumbia_villera,Sos Botón,Flor De Piedra,La Vanda Más Loca,,False,spotify:track:5kYmx9V55bJWm7Qt9hD8WK,Flor de Piedra
12_supermerk2_cumbia_villera,Cumbia Cabeza,Flor De Piedra,La Vanda Más Loca,,False,spotify:track:3CXOa6QDg1gUfzt2srbsGP,Flor de Piedra
12_supermerk2_cumbia_villera,MEMORIAS,"Mora, JHAYCO",MICRODOSIS,,False,spotify:track:2hLXUbsOU9cDb9RFva9FYr,Flor de Piedra
12_supermerk2_cumbia_villera,Entregadora Del Marrón,Flor De Piedra,Más Duros que Nunca,,False,spotify:track:2mH1fsg2qgXzgOpNIot2Lv,Flor de Piedra
12_supermerk2_cumbia_villera,Mundo de Piedra,Canserbero,Muerte,,False,spotify:track:3BDHbnBS1cYsOb8upZlerj,Flor de Piedra
12_supermerk2_cumbia_villera,Dile Que Tu Me Quieres,Ozuna,Odisea,,False,spotify:track:5u5MvmVtitax9R1Mxh3reC,Flor de Piedra
12_supermerk2_cumbia_villera,Corazon de Piedra,Florcita de Sucre,Corazon de Piedra,,False,spotify:track:5uYl1q2wfFBBuvzC9Bpt7V,Flor de Piedra
12_supermerk2_cumbia_villera,Me Gusta Tu Mujer - En Vivo,"Sin Miedo, Flor De Piedra",Flor de Piedra: Sin Miedo Session #38 (En Vivo),,False,spotify:track:6VgHtEXk9dOei0FYXubWk7,Flor de Piedra
12_supermerk2_cumbia_villera,La Tierra Canta,"Carolina Aráoz, Corah",Bloom,,False,spotify:track:4vDohgStVqRLS7D2hcxgPc,Flor de Piedra
12_supermerk2_cumbia_villera,Flor del Jardinero,Mary Florez,Flor del Jardinero,,False,spotify:track:2CRUdcWT72D3t9Jpk0izGd,Flor de Piedra
12_supermerk2_cumbia_villera,Mala Fama,DANNA,SIE7E +,,False,spotify:track:2D9itdl85AQVNpTfrxvUGj,Mala Fama
12_supermerk2_cumbia_villera,MALA FAMA,"TEENWXVE, chelsy smile, wxmac",MALA FAMA,,False,spotify:track:2rjOnRI1Uy3Ucv7GpSktSL,Mala Fama
12_supermerk2_cumbia_villera,Mala Fama,Amo,Mala Fama,,True,spotify:track:2jPMmsIebx3b6FHLpK0f7x,Mala Fama
12_supermerk2_cumbia_villera,Mala Fama,DANNA,Mala Fama,,False,spotify:track:6m9qNGeOq3Nvq7Qhal4t83,Mala Fama
12_supermerk2_cumbia_villera,MALA FAMA - Slowed,"TEENWXVE, chelsy smile, wxmac",MALA FAMA,,False,spotify:track:4tTnKDthlrxgDGRA5xUvEs,Mala Fama
12_supermerk2_cumbia_villera,Buena Vida Mala Fama Slow Reverb - Instrumental,Crish Ramirez,Buena Vida Mala Fama Slow Reverb (Instrumental),,False,spotify:track:64Xn3iBgudzd91Q4AsE6pV,Mala Fama
12_supermerk2_cumbia_villera,Famax - Edit,RAFFA GUIDO,Famax,,False,spotify:track:1P9ZF3ZxRWNTDgJkZOgkI9,Mala Fama
12_supermerk2_cumbia_villera,MALA FAMA,"ZWE1HVNDXR, Jurasd, REFRESHERX",MALA FAMA,,False,spotify:track:0lCzLF0NgrCOS5FtTNz5dE,Mala Fama
12_supermerk2_cumbia_villera,Buena Vida Mala Fama Slowed - Instrumental,Crish Ramirez,Buena Vida Mala Fama Slowed (Instrumental),,False,spotify:track:49QgPaXki9sEh5ClYTCLAz,Mala Fama
12_supermerk2_cumbia_villera,La Perla,"ROSALÍA, Yahritza Y Su Esencia",LUX,,True,spotify:track:4oVO4fGNRRvEn0CRuFO4qv,Mala Fama
13_migrantes_cumbia_pop_rkt,Me Duele Que Me Duelas,"Migrantes, Sele Vera Y Los Pampas, Nico Valdi",Me Duele Que Me Duelas,,False,spotify:track:1ffCdMrIr6EMA0oSrRm38g,Migrantes
13_migrantes_cumbia_pop_rkt,Si Me Tomo Una Cerveza,"Migrantes, Alico",Si Me Tomo una Cerveza,,False,spotify:track:3lCbsHaN1wCxyDzcNN2x4N,Migrantes
13_migrantes_cumbia_pop_rkt,Si Me Tomo una Cerveza - Remix,"Migrantes, Oscu, Rombai, Agapornis, Alico, Nico Valdi",Si Me Tomo una Cerveza (Remix),,False,spotify:track:7oySelE0Cb5q1TBBSPZJT2,Migrantes
13_migrantes_cumbia_pop_rkt,MERCHO,"LiL CaKe, Migrantes, Nico Valdi",MERCHO,,False,spotify:track:1DxEbt6OSbrkRthk6pjZue,Migrantes
13_migrantes_cumbia_pop_rkt,ESTOY A UN VASO - REMIX,"VIUS, Lauty Gram, Migrantes, Max Carra",ESTOY A UN VASO - REMIX,,False,spotify:track:7qKeDWhT6yVqptj0NGS3ya,Migrantes
13_migrantes_cumbia_pop_rkt,Migrantes,La Fuga Masiva,Migrantes,,False,spotify:track:1PoVwO9KYxF3zEdaQNOhrl,Migrantes
13_migrantes_cumbia_pop_rkt,Migrantes,Tiromancino,L'essenziale,,False,spotify:track:694Ss7917x31O00rBBDBZX,Migrantes
13_migrantes_cumbia_pop_rkt,Migrantes,Esteban Rivera,Matapalo,,False,spotify:track:7IXs9vEQWA7wPvVtif7Sjf,Migrantes
13_migrantes_cumbia_pop_rkt,Migrantes,Aroma Orquesta,Migrantes,,False,spotify:track:0DRdiQTK8PBD31mjm1bXT6,Migrantes
13_migrantes_cumbia_pop_rkt,Migrantes,Endeudada11,Migrantes,,False,spotify:track:3a5yCPgk3FL6ibEP0QNecw,Migrantes
13_migrantes_cumbia_pop_rkt,Hoy Volvi a Verte - Remix,"Migrantes, El Retutu, FMK, Nico Valdi",Hoy Volvi a Verte (Remix),,False,spotify:track:0KvtuCa8aGD8SR39aLLLj5,Migrantes remix
13_migrantes_cumbia_pop_rkt,MERCHO REMIX,"LiL CaKe, Ozuna, Ryan Castro, Migrantes, Nico Valdi",MERCHO REMIX,,False,spotify:track:1vRkS74lAQEucagUBmUryC,Migrantes remix
13_migrantes_cumbia_pop_rkt,Tu Sacaganas (Remix),"Migrantes, Uriel Lozano, La T y La M",Tu Sacaganas (Remix),,False,spotify:track:6D0GnVYWhjJXBeVYsRqANW,Migrantes remix
13_migrantes_cumbia_pop_rkt,Linda - Remix,"Marka Akme, DJ Tao, Lauty Gram, Migrantes, Peipper",Linda (Remix),,False,spotify:track:7HrgGbnNKZKhBL70aFKpXk,Migrantes remix
13_migrantes_cumbia_pop_rkt,Migrate - Radio Edit,Sterling,Migrate,,False,spotify:track:2pPY0JJVGwbYoHjWqGG1lJ,Migrantes remix
13_migrantes_cumbia_pop_rkt,Hoy,"Valentino Merlo, The La Planta",Hoy,,False,spotify:track:0SoBfYjQHvL6cuWHtPUYnq,cumbia pop argentina
13_migrantes_cumbia_pop_rkt,Carnavalintro,Chano,El Otro,,False,spotify:track:6XxIFsqBxiUct0UK7deoJ0,cumbia pop argentina
13_migrantes_cumbia_pop_rkt,No Se Va,La T y La M,No Se Va,,False,spotify:track:1Zh6HllrXT0Khrwk2j3TrZ,cumbia pop argentina
13_migrantes_cumbia_pop_rkt,Si Sabes Contar,"Los Ángeles Azules, Luck Ra, Yami Safdie",Si Sabes Contar,,False,spotify:track:4lUFzu73lYMkyQ7nncE11n,cumbia pop argentina
13_migrantes_cumbia_pop_rkt,Dónde están corazón,"Coti, Valentino Merlo",Dónde están corazón,,False,spotify:track:0Mie2QOxfcJ55X3NX5Gdoq,cumbia pop argentina
13_migrantes_cumbia_pop_rkt,Si No Es Muy Tarde - Versión Cumbia,"Luciano Pereyra, Ezequiel Y La Clave, Un Poco de Ruido, Pinky SD",Si No Es Muy Tarde - Versión Cumbia,,False,spotify:track:4KRlNVLHn2ZgGvpjnga31N,cumbia pop argentina
13_migrantes_cumbia_pop_rkt,Es Mi Culpa - Versión Cumbia,"Luciano Pereyra, The La Planta, Un Poco de Ruido, Pinky SD",Es Mi Culpa - Versión Cumbia,,False,spotify:track:78OOLg1XsVW0QQkfHP2VEV,cumbia pop argentina
13_migrantes_cumbia_pop_rkt,Pa' la Selección,La T y La M,Pa' la Selección,,False,spotify:track:2l0hr2jYYXdkbF393AThLm,cumbia argentina moderna
13_migrantes_cumbia_pop_rkt,El Bombón,Los Palmeras,Un Sentimiento,,False,spotify:track:68drjp77R32xEkzP1vxlF6,cumbia argentina moderna
13_migrantes_cumbia_pop_rkt,Argentino yo soy,La T y La M,Tierra de Campeones,,False,spotify:track:7KtIu5XQnhlBYE3nQWDeXs,cumbia argentina moderna
13_migrantes_cumbia_pop_rkt,Cumbia Moderna,Norma Argentina,Un Corazón de Piedra,,False,spotify:track:3WcCsSA9Y5DMVeJnUbi4TQ,cumbia argentina moderna
13_migrantes_cumbia_pop_rkt,Adiós Amor / Oye Mujer,Ke Personajes,Adiós Amor / Oye Mujer,,False,spotify:track:6YWOdPcjEbK6PmYcC7gQtL,cumbia argentina moderna
13_migrantes_cumbia_pop_rkt,Para La Gilada - Remix,"Meta Guacha, Callejero Fino, BM",Para La Gilada (Remix),,False,spotify:track:7oRXN6etpQGWG2yAnQFzVB,cumbia argentina moderna
13_migrantes_cumbia_pop_rkt,CALLEJERO FINO | DJ TAO Turreo Sessions #723,"DJ Tao, Callejero Fino",TIK TOK - MARZO 2025,,True,spotify:track:0xou2QoaDVe2wyuOVLqYfg,cumbia argentina moderna
13_migrantes_cumbia_pop_rkt,CALLEJERO FINO | DJ TAO Turreo Sessions #723,"DJ Tao, Callejero Fino",Top Música Urbana,,True,spotify:track:6CijSsHUzgXSNdsCdk5dZr,cumbia argentina moderna
13_migrantes_cumbia_pop_rkt,şaka mısın knk,KÖK$VL,şaka mısın knk,,False,spotify:track:4m4NH7AHnhlwvlBKD1r2VB,rkt pop
13_migrantes_cumbia_pop_rkt,Rainbow Rocket Ride,SOFIA ISELLA,Rainbow Rocket Ride,,False,spotify:track:5QFw7l0lEIcnvOAHYEd1D8,rkt pop
13_migrantes_cumbia_pop_rkt,Popapo vs La Batidora (Remix),"sheafiell, sheafiel",Popapo vs La Batidora (Remix),,False,spotify:track:75oMkNeEqnPYd9NzMq9rpP,rkt pop
13_migrantes_cumbia_pop_rkt,Soltero Hasta la Tumba - Remix,"El Reja, Lauty Gram, DJ Tao, El negro tecla, Roze Oficial",Soltero Hasta la Tumba (Remix),,False,spotify:track:2Ue6HKn8jqcOaOT467gQHw,rkt pop
13_migrantes_cumbia_pop_rkt,HOMEWRECKED,ADÉLA,HOMEWRECKED,,True,spotify:track:7tyGDSr9gKnEva2n7LJ9GL,rkt pop
13_migrantes_cumbia_pop_rkt,CUMBIA MAFIA 420,"L-Gante, NEGRO DUB, DT.Bilardo",CUMBIA MAFIA 420,,False,spotify:track:7KzQBU77MuR0aKzsQGYKGd,cumbia rkt
13_migrantes_cumbia_pop_rkt,Cumbia Rota,Cumbia Club,Volvió una Noche,,False,spotify:track:1LXKUxJLcz83TNmaejYwVN,cumbia rkt
13_migrantes_cumbia_pop_rkt,Llorar,Los Socios Del Ritmo,Llorar,,False,spotify:track:4Cl7ul6oXr7spH5gUXdQqd,cumbia rkt
13_migrantes_cumbia_pop_rkt,Cumbia Gabacha,Alberto Pedraza Con Su Ritmo Y Sabor,Frente a Frente,,False,spotify:track:2PIhK3rtiCrbjlBWli1ttq,cumbia rkt
13_migrantes_cumbia_pop_rkt,Te invito a bailar,"Callejero Fino, La T y La M",Te invito a bailar,,False,spotify:track:17vFIehhv8hKSXYn5Ce4Pk,cumbia rkt
13_migrantes_cumbia_pop_rkt,Cumbia respeta mi dolor,CUMBIAS DEL BAJIO,Cumbia respeta mi dolor,,False,spotify:track:3vRrQ6J6bUUuCchHx6myJd,cumbia rkt
13_migrantes_cumbia_pop_rkt,EL 3A2LA AHM SHE2,Afroto,EL 3A2LA AHM SHE2,,False,spotify:track:1twLzMoB8D5MX7AifTfKfT,cumbia rkt
13_migrantes_cumbia_pop_rkt,Brens Madento,Hamo Bika,Brens Madento,,False,spotify:track:5ADbOL8q0EpLRZfTH9jZ8v,cumbia rkt
13_migrantes_cumbia_pop_rkt,Pobre Corazón - En Vivo,"Ke Personajes, Onda Sabanera",Pobre Corazón (En Vivo),,False,spotify:track:1AX4aybSRyXHWrjg27wTFE,Ke Personajes
13_migrantes_cumbia_pop_rkt,Un Finde | CROSSOVER #2,"Big One, FMK, Ke Personajes",Un Finde | CROSSOVER #2,,False,spotify:track:3tiJUOfAEqIrLFRQgGgdoY,Ke Personajes
13_migrantes_cumbia_pop_rkt,OJITOS ROJOS,"Grupo Frontera, Ke Personajes",El Comienzo,,False,spotify:track:5X7ICocxhlxRiLRgr7wdJj,Ke Personajes
13_migrantes_cumbia_pop_rkt,Si No Te Tengo / Angel / Aquello Que Pasó,Ke Personajes,Si No Te Tengo / Angel / Aquello Que Pasó,,False,spotify:track:2AqYcLAx5HrmrG4GSrFFpd,Ke Personajes
13_migrantes_cumbia_pop_rkt,HOLA PERDIDA,"Luck Ra, KHEA",HOLA PERDIDA,,False,spotify:track:10eRgZUM59q2G5ogpztSeL,Ke Personajes
13_migrantes_cumbia_pop_rkt,Amor de Vago,"La T y La M, Malandro",Amor de Vago,,False,spotify:track:5MKbWaXeSQSmzmo7gPQha1,Ke Personajes
13_migrantes_cumbia_pop_rkt,Adiós Amor,"La Delio Valdez, Ke Personajes",Adiós Amor,,False,spotify:track:5tKgOSJzrdsxQSI7Wzbpfg,Ke Personajes
13_migrantes_cumbia_pop_rkt,Mil Preguntas,"Q' Lokura, Luck Ra",Mil Preguntas,,False,spotify:track:42mrOMjkQb7jRKatu0bqg4,Q Lokura
13_migrantes_cumbia_pop_rkt,Quédate / Soy Favela / Lo que hay x aqui - En Vivo,Q' Lokura,Quédate / Soy Favela / Lo que hay x aqui (En Vivo),,False,spotify:track:3sfrXcrMPS2KMQmzdmjEmp,Q Lokura
13_migrantes_cumbia_pop_rkt,Puñaladas - En Vivo Plaza De La Música,"Q' Lokura, Lauta, Amigo de Artistas, Tote",Puñaladas (En Vivo Plaza De La Música),,False,spotify:track:6w72aThuLi3mx8UoPNHOft,Q Lokura
13_migrantes_cumbia_pop_rkt,Cuidado Que Te Supero,"Q' Lokura, Los Herrera",Cuidado Que Te Supero,,False,spotify:track:2Xetks48zQL2K7xUbJBHRn,Q Lokura
13_migrantes_cumbia_pop_rkt,Me Toca A Mi - En Vivo en el Movistar Arena,"Q' Lokura, De Party",Baile Con Amigos (En Vivo en el Movistar Arena),,False,spotify:track:1uF9dlnENuHzNQSOyTlRlt,Q Lokura
13_migrantes_cumbia_pop_rkt,A Prueba de Balas - En Vivo en el Movistar Arena,"Q' Lokura, The La Planta",Baile Con Amigos (En Vivo en el Movistar Arena),,False,spotify:track:6v0fSCbdmod9WHgel5tygP,Q Lokura
13_migrantes_cumbia_pop_rkt,Otra Oportunidad - En Vivo en el Movistar Arena,"Q' Lokura, Karina",Baile Con Amigos (En Vivo en el Movistar Arena),,False,spotify:track:11nvzYJMmLSiBl0ZSkjBz3,Q Lokura
13_migrantes_cumbia_pop_rkt,Te Pido que la Dejes / Que Tal - En Vivo en el Movistar Arena,"Q' Lokura, Damián Córdoba",Baile Con Amigos (En Vivo en el Movistar Arena),,False,spotify:track:5j6c1PXWJL4nlNSJG4ohMu,Q Lokura
13_migrantes_cumbia_pop_rkt,Un Millón de Rosas / Se Nos Fue El Amor / La Carta - En Vivo en el Movistar Arena,"Q' Lokura, La Pepa Brizuela",Baile Con Amigos (En Vivo en el Movistar Arena),,False,spotify:track:0a2Cdv0SH9YPLQpEj0mOR4,Q Lokura
13_migrantes_cumbia_pop_rkt,En Otra Vida - Versión Cuarteto,"Yami Safdie, Luck Ra, Q' Lokura",En Otra Vida - Versión Cuarteto,,False,spotify:track:1K11lq4qn0DdPfljQcHkNE,Q Lokura
13_migrantes_cumbia_pop_rkt,La Cabaña,La K'onga,Un Sentimiento,,False,spotify:track:5TpGT4K34mBP6JcJfIgRqF,La Konga
13_migrantes_cumbia_pop_rkt,Ya No Vuelvas (Versión Cuarteto),"Luck Ra, La K'onga, Ke Personajes",Ya No Vuelvas (Versión Cuarteto),,False,spotify:track:6jRZ33ifS5VOTMwmPxhPhN,La Konga
13_migrantes_cumbia_pop_rkt,La Conga,"Konig Pry, Manguito DJ",La Conga,,False,spotify:track:7udtULXZGKyBZkp7s9FWFa,La Konga
13_migrantes_cumbia_pop_rkt,Ya No Vuelvas (Versión Cuarteto),"Luck Ra, La K'onga, Ke Personajes",QUE NOS FALTE TODO,,False,spotify:track:0u6JsFiEEXb6kaF0oqyeFi,La Konga
13_migrantes_cumbia_pop_rkt,Ahí Controlo Yo,La K'onga,5 Sentidos,,False,spotify:track:1IyZKMQ0aRkj0yJNah89Ye,La Konga
13_migrantes_cumbia_pop_rkt,Te Llamé,La K'onga,5 Sentidos,,False,spotify:track:5WhKBHHudyzNAeriYq9ebw,La Konga
13_migrantes_cumbia_pop_rkt,Ya No Te Tengo,"La K'onga, Dale Q´Va",Ya No Te Tengo,,False,spotify:track:3bE0UBGWCwt0MMOtFY2ZFL,La Konga
13_migrantes_cumbia_pop_rkt,Conga!,"Miami Sound Machine, Gloria Estefan",Primitive Love,,False,spotify:track:3FdHgoJbH3DXNtGLh56pFu,La Konga
13_migrantes_cumbia_pop_rkt,Es Mi Culpa,La K'onga,Culpables,,False,spotify:track:64XZBcK2S0VBgOEzl40cGI,La Konga
13_migrantes_cumbia_pop_rkt,Mentirosa Remix,"Rafaga, Maria Becerra",Mentirosa Remix,,False,spotify:track:5bgkgmz1bx7GxD6Kh6xeS8,Rafaga remix
13_migrantes_cumbia_pop_rkt,Mentirosa,Rafaga,Imparables,,False,spotify:track:3Iw4UVS7fo2TdD6Spmgqaj,Rafaga remix
13_migrantes_cumbia_pop_rkt,Maldito Corazón Remix,"Rafaga, Marama",Maldito Corazón Remix,,False,spotify:track:1zRfskQJozQtRfr5sm6Owp,Rafaga remix
13_migrantes_cumbia_pop_rkt,Una Cerveza RMX,"Rafaga, Jere Klein",Una Cerveza RMX,,False,spotify:track:0DaZGaU25mPJZEnrNuloLc,Rafaga remix
13_migrantes_cumbia_pop_rkt,Todo Comenzó Bailando - Remix,"Marama, Emanero, Rafaga",Todo Comenzó Bailando (Remix),,False,spotify:track:5nJP1qwTNnXF4CiCrfmNjy,Rafaga remix
13_migrantes_cumbia_pop_rkt,Todo Comenzó Bailando - Remix,"Marama, Emanero, Rafaga",Marama 10 Años,,False,spotify:track:0fKCzhduxj3bQU25TF6EM2,Rafaga remix
13_migrantes_cumbia_pop_rkt,Rafaga,5ta Dimension,Rafaga,,False,spotify:track:1c2zzzN5QKes9QavVlgaxL,Rafaga remix
13_migrantes_cumbia_pop_rkt,Entom Meen Remix,Reda El Bahrawy,Entom Meen Remix,,False,spotify:track:5kcMEoMzIqYCsFRESmeXyh,Rafaga remix
13_migrantes_cumbia_pop_rkt,فضناها ريمكس - remix,Yara Mohamed,فضناها (Remix),,False,spotify:track:61WIsJhDs0mr2GTNrC3WY7,Rafaga remix
13_migrantes_cumbia_pop_rkt,ريمكس رمش خطاف والسحر اصناف (بابا),DJ Yofa,ريمكس رمش خطاف والسحر اصناف (بابا),,False,spotify:track:36M4J1mLUbbiFjhRi4ksGV,Rafaga remix
14_cumbia_remix_turreo_mix,Cumbia Sobre el Mar - El Búho Remix,"El Búho, Quantic",Tributaries: A Remix Album (El Búho Remixes),,False,spotify:track:4TobIFLwvzPSraqUQBEZUI,cumbia remix
14_cumbia_remix_turreo_mix,Triple Lavada - Cumbia Remix,Mike Flores,Triple Lavada (Cumbia Remix),,False,spotify:track:36gAnSUdIoC9MDgzdp1ng8,cumbia remix
14_cumbia_remix_turreo_mix,Voy Vagando Zhurek - Cumbia Remix,Grupo Cumbaya,Voy Vagando Zhurek (Cumbia Remix),,False,spotify:track:093fCnQCz8J70aB41Tmja0,cumbia remix
14_cumbia_remix_turreo_mix,Kumbaya - Original Mix,Ray MD,Kumbaya,,False,spotify:track:2PgrVcMvdWHHSZUN14pBp6,cumbia remix
14_cumbia_remix_turreo_mix,Cumbia Blue,Waylon Zayicek,Cumbia Blue,,False,spotify:track:1CHJqB2KujzIq5t6miLj2c,cumbia remix
14_cumbia_remix_turreo_mix,CUMBIA RD,MAXBETS,MAXBETS AGE,,False,spotify:track:6rHjeJ4RXf8IAvF0CdngAB,cumbia remix
14_cumbia_remix_turreo_mix,Cumbia Callejera,"Alberto Pedraza, Santa Fe Klan",Cumbia Callejera,,False,spotify:track:7E3HJhnzx7CbqGFEsGNp22,cumbia callejera
14_cumbia_remix_turreo_mix,Cumbia Callejera,Alberto Pedraza,Cumbiando y Guarachando,,False,spotify:track:41nW0vX6Eax6CHahGdO3ez,cumbia callejera
14_cumbia_remix_turreo_mix,Cumbia Callejera,El Moreno Mexicano,Cumbia Callejera,,False,spotify:track:2XjHxcRjrgWH2fBTjn4Pot,cumbia callejera
14_cumbia_remix_turreo_mix,Cumbia Callejera,"Alberto Pedraza, Santa Fe Klan",Grandes Éxitos - Super Cumbiones,,False,spotify:track:6eFd9OHyefSQGrhLsqysya,cumbia callejera
14_cumbia_remix_turreo_mix,Cumbia Callejera,Los Callejeros,Ukamao!,,False,spotify:track:1fjTWb5fc69NkR1esUcbu5,cumbia callejera
14_cumbia_remix_turreo_mix,Cumbia Callejera,Crooked Stilo,Cumbia Callejera,,False,spotify:track:3Lc9qH2BFyXC9SnNcKTGpn,cumbia callejera
14_cumbia_remix_turreo_mix,Cumbia Callejera,Aaron Y Su Grupo Ilusion,Siempre Juntos - Lo Nuevo en Cumbia,,False,spotify:track:6I6pWQI7UXX2DzqSUZQynn,cumbia callejera
14_cumbia_remix_turreo_mix,De Regreso Al Penal,Pala Ancha,Cumbia Callejera,,False,spotify:track:2PpnjTOCtpBjAmEDu10Vr8,cumbia callejera
14_cumbia_remix_turreo_mix,VIENTO CALLEJERO,K-Style,VIENTO CALLEJERO,,False,spotify:track:1nswyuk4CBiMCTilrgSmbR,cumbia callejera
14_cumbia_remix_turreo_mix,HOLA PERDIDA REMIX,"Luck Ra, Maluma, KHEA",HOLA PERDIDA REMIX,,False,spotify:track:2FqTbwiogEVvZnkarPf5BV,cumbia argentina remix
14_cumbia_remix_turreo_mix,Oregano (Remix),"DJ Alex, Tirri La Roca, Salastkbron, Callejero Fino, Blunted Vato, Gusty dj",Oregano (Remix),,True,spotify:track:1HZVTu7SP1oxdc0ukkAWZ3,cumbia argentina remix
14_cumbia_remix_turreo_mix,Amor De Chat - Remix,"ECKO, Roman El Original, Lauty Gram",Amor De Chat (Remix),,False,spotify:track:3XfKWVuM7egYc2cMdCOyNX,cumbia argentina remix
14_cumbia_remix_turreo_mix,Ella - Remix,"Boza, Lunay, Lenny Tavárez, Juhn, Beéle",Ella (Remix),,True,spotify:track:7iHHlCbsFou5DZSW5HCPfs,cumbia argentina remix
14_cumbia_remix_turreo_mix,Marisola (Remix),"Cris MJ, Duki, Nicki Nicole, Standly, Stars Music Chile",Marisola (Remix),,True,spotify:track:77Yo8Ckvmb5vr7NW9UtgCZ,cumbia argentina remix
14_cumbia_remix_turreo_mix,Te Extraño 2 - Remix,"LGGY Fino, Chza, B.Trip",Te Extraño 2 (Remix),,False,spotify:track:1ABAFNy0J4wNJdNUmLxSiG,cumbia argentina remix
14_cumbia_remix_turreo_mix,ترامبولين (ريمكس شعبي),Honda Remix,ترامبولين (ريمكس شعبي),,False,spotify:track:1paA6BoWw3phGOKWYzP8yk,cumbia villera remix
14_cumbia_remix_turreo_mix,Dale Que So Vo,Emus DJ,Cumbia Remixada,,False,spotify:track:7IAFBILrgp6v9m9bnSxBU0,cumbia villera remix
14_cumbia_remix_turreo_mix,Vengo de la casa de ella,Puro Movimiento DJ,A Todo Remix,,False,spotify:track:5QPpmcNJf8GKblXjf8TUyT,cumbia villera remix
14_cumbia_remix_turreo_mix,El Segn Law Kan Genena,Dallo,El Segn Law Kan Genena,,False,spotify:track:0TZNS87SGYRescCC4U8kAT,cumbia villera remix
14_cumbia_remix_turreo_mix,Déjala,Puro Movimiento DJ,A Todo Remix,,False,spotify:track:3LVOGJxNkd5b6nJoqLFpeT,cumbia villera remix
14_cumbia_remix_turreo_mix,Porque te vas,Puro Movimiento DJ,A Todo Remix,,False,spotify:track:1PgqERsYRG7eEmk3C5Ltls,cumbia villera remix
14_cumbia_remix_turreo_mix,Enemigos - Remix,"Marama, Valen, The La Planta",Enemigos (Remix),,False,spotify:track:5To8zOSSRWW5HBvBKB2fz6,cumbia villera remix
14_cumbia_remix_turreo_mix,Inocente,"Roze Oficial, Peipper",Inocente,,False,spotify:track:6gV8ALkSHfJi7Bprabr1FC,rkt cumbia remix
14_cumbia_remix_turreo_mix,Ay mujer cumbia,Rickydj,Ay mujer cumbia,,False,spotify:track:2cvwgXH5LAj2EeK9bUOFOl,rkt cumbia remix
14_cumbia_remix_turreo_mix,Olvidafter,"Shurica, Dos Lobos Records, Gran Aukan Producer",Olvidafter,,True,spotify:track:7wfL9wgtX6cE8xwbaIaWuk,rkt cumbia remix
14_cumbia_remix_turreo_mix,Pide - Remix,"Callejero Fino, El Pesa 9",Pide (Remix),,True,spotify:track:6dnDKVx1eLiYwc9tsy40ps,turreo remix
14_cumbia_remix_turreo_mix,Rompe,El negro tecla,Rompe,,False,spotify:track:68X5Om9wJ1EROy2hlnGeAB,turreo remix
14_cumbia_remix_turreo_mix,Te Robare (Turreo Edit),Manu DJ,Te Robare (Turreo Edit),,False,spotify:track:41g5WBxgLhT0AQdwYiI5hM,turreo remix
14_cumbia_remix_turreo_mix,Turreo Fino,Soni Dj,DE LA CALLE AL CHART: VOL. 1,,False,spotify:track:5jur7toxxLzmOOmFvMM9uS,turreo remix
14_cumbia_remix_turreo_mix,CACHENGUE,Leo Baez,CACHENGUE,,False,spotify:track:6RZmRKnzKQbYlLHUam96U6,cachengue
14_cumbia_remix_turreo_mix,"Luck Ra: Bzrp Music Sessions, Vol. 61/66","Bizarrap, Luck Ra","Luck Ra: Bzrp Music Sessions, Vol. 61/66",,False,spotify:track:5AGnkbWCiF9u4ra54N9X1a,cachengue
14_cumbia_remix_turreo_mix,La Morocha,"Luck Ra, BM",La Morocha,,False,spotify:track:7aPsseax6rNFyipHn9A5CR,cachengue
14_cumbia_remix_turreo_mix,La_Original.mp3,"Emilia, TINI",.mp3,,False,spotify:track:6Es8Sk3xe1HiJ2MXCfHHwR,cachengue
14_cumbia_remix_turreo_mix,El Merengue,"Marshmello, Manuel Turizo",El Merengue,,False,spotify:track:51FvjPEGKq2zByeeEQ43V9,cachengue
14_cumbia_remix_turreo_mix,El Merengue,"Marshmello, Manuel Turizo",Sugar Papi,,False,spotify:track:5KbBVSj6AJZ5662fO8EYFh,cachengue
14_cumbia_remix_turreo_mix,Cachengue,Chicola,Cachengue,,False,spotify:track:5Vz8ZVMeGQSMNBDkjB95tF,cachengue
14_cumbia_remix_turreo_mix,La Morocha,"Luck Ra, BM",QUE NOS FALTE TODO,,False,spotify:track:6vRQqxOhUFd78p5tL8jXr7,cachengue
14_cumbia_remix_turreo_mix,UWAIE - versión cumbia,Max Carra,UWAIE (versión cumbia),,False,spotify:track:6UO9DhCUq4ZbQz7PXwelFV,cachengue
14_cumbia_remix_turreo_mix,Choque,"Bad Gyal, Chencho Corleone",Más Cara,,True,spotify:track:13BRTUZGqD9ALCKVTxAePG,cachengue
14_cumbia_remix_turreo_mix,El Merengue - HUGEL Remix,"Marshmello, Manuel Turizo, HUGEL",El Merengue (HUGEL Remix),,False,spotify:track:3qMimm5bezPaKIISP9f7mu,cachengue remix
14_cumbia_remix_turreo_mix,Es la Que Va - Remix,"Pereiraremix, elaggume, Ezequiel Matthysse, Owin, Tuti DJ, Mc Tota, Luam",Es la Que Va (Remix),,True,spotify:track:4vwJfnHAC2TbIKFCIYzwLh,cachengue remix
14_cumbia_remix_turreo_mix,Ba Ba Bad - Remix,Elias Gomez,Ba Ba Bad (Remix),,False,spotify:track:7DUNRVxALZrh2b3m17JNo8,cachengue remix
14_cumbia_remix_turreo_mix,Cachengue Viejo (Old but Gold),Feche DJ,Cachengue Viejo (Old but Gold),,False,spotify:track:4sxCW2WYKHZOYpzRSBS1Gt,cachengue remix
14_cumbia_remix_turreo_mix,Capaz,"Tincho & Javi, PAM Remixes",Capaz,,False,spotify:track:4Vi8GFsvk4OLNDVHHiv7ZP,cachengue remix
14_cumbia_remix_turreo_mix,Mia X Am (Mashup) - Remix,Eme Sarav,Mia X Am (Mashup) [Remix],,False,spotify:track:7ey00Zcrn2l8i7kKbC6WRO,cachengue remix
14_cumbia_remix_turreo_mix,FR - Perreo Mix,DJ Khriz,FR (Perreo Mix),,False,spotify:track:2VmgED5AqSFozyrALlMc8F,cachengue remix
14_cumbia_remix_turreo_mix,Cumbia Cheta,"Rombai, Cami Raj",Cumbia Cheta,,False,spotify:track:5KTSHYA5CetGTZuRYYJcHi,cumbia cheta
14_cumbia_remix_turreo_mix,Bailan Rochas y Chetas,Nene Malo,Me Declaro Culpable,,False,spotify:track:06ri3KmX1noEbR56tLQbZp,cumbia cheta
14_cumbia_remix_turreo_mix,Bailan Rochas y Chetas (Remix),"Nene Malo, DJ Yayo",Me Declaro Culpable,,False,spotify:track:46gwSCkgDIypXEvlt0AAS0,cumbia cheta
14_cumbia_remix_turreo_mix,Bailan Rochas y Chetas / Es un Secreto - Remix,"Nene Malo, Magenta, DJ Yayo",Me Declaro Culpable,,False,spotify:track:3PGfRCXeKa2Nw327GpgnxO,cumbia cheta
14_cumbia_remix_turreo_mix,Se Parece Más A Ti,Jambao,Separece A Ti,,False,spotify:track:2EsuDnVRUz7LwJI2TrSv6L,cumbia cheta
14_cumbia_remix_turreo_mix,Ya te supere,Herederos Para Vos,CUMBIA CHETA,,False,spotify:track:33sXyUUjUAnSlltHJny01l,cumbia cheta
14_cumbia_remix_turreo_mix,El Gigante De Hierro,Grupo Sonador,Lo Nuevo Y…Lo Mejor,,False,spotify:track:4HswuCNDyzUiRFfb8DH5Ub,cumbia sonidera remix
14_cumbia_remix_turreo_mix,Tus Jefes No Me Quieren - Remix,"Raymix, Grupo Ensamble",Tus Jefes No Me Quieren (Remix),,False,spotify:track:7B0I90SHexcxPrObNk1YNz,cumbia sonidera remix
14_cumbia_remix_turreo_mix,Gritaría - Remix,Raymix,RAYMIXes (Remix),,False,spotify:track:0p1M3S5f6zrHhsuZZTXEdj,cumbia sonidera remix
14_cumbia_remix_turreo_mix,Gritaría - Remix,Raymix,Gritaría (Remix),,False,spotify:track:4r3gyRGbwgL5gdQT4AIwuz,cumbia sonidera remix
14_cumbia_remix_turreo_mix,He Seguido Tus Pasos Baby - Remix,"Grupo G, Black Power",He Seguido Tus Pasos Baby (Remix),,False,spotify:track:1d8e3lYORLHHj7zEY3qvZh,cumbia sonidera remix
14_cumbia_remix_turreo_mix,Corazón Enamorado,"Alberto Pedraza, Raymix",Corazón Enamorado,,False,spotify:track:29xZSv5HOvmAI2bFIJnWHc,cumbia sonidera remix
15_persian_rap_legends,Persian Rap 2,DJ Borhan,Persian Rap 2,,True,spotify:track:7c0qvdw8uGZJP3vI5hH7lf,Persian rap
15_persian_rap_legends,Booo Sarde,Persian Rap Root,Booo Sarde,,False,spotify:track:2GEEWRdTKeArXZPtK1vbY7,Persian rap
15_persian_rap_legends,Az Avval,Shayea,Az Avval,,False,spotify:track:4K0dcYY7VzL4OBCyHQZAZL,Persian rap
15_persian_rap_legends,Boz,"Hiphopologist, Ashkan Kagan",Boz,,True,spotify:track:16dERXbEiHg3EaB8u1AqnC,Persian rap
15_persian_rap_legends,Befuckam,"Koorosh, Arta, Sami Beigi, Saaren, Arman Miladi, Mr. MP",Befuckam,,True,spotify:track:5zbMTNdC75thvXmsd1BGzp,Persian rap
15_persian_rap_legends,Khaak,"Behzad Leito, Nassim, Sijal",Khaak,,False,spotify:track:0bUWIRHrAHGlmZqrYiteCS,Persian rap
15_persian_rap_legends,Khodafez,"Mehrad Hidden, Sepehr Khalse",Khodafez,,True,spotify:track:1VtYA3U4UyMrhIfy95vL8q,Persian rap
15_persian_rap_legends,Qabil,Reza Pishro,Qabil,,True,spotify:track:1Aw1kzyGJQSCU4sCibQzQT,Persian rap
15_persian_rap_legends,Bomb Saati,"Kambalad, Reza Pishro",Bomb Saati,,True,spotify:track:0B56hdtHtgLyRPAn7YtwWx,Persian rap
15_persian_rap_legends,Pedare Man Bad Mano Negah Mikone,Zedbazi,Pedare Man Bad Mano Negah Mikone,,True,spotify:track:63RWzvjlGosJZpd6wr8A9i,Persian rap
15_persian_rap_legends,Bi Kineh,"Atour, Hoodadk4, Arian Dousti",Bi Kineh,,True,spotify:track:628YxHayKG9VDNxcr7074a,Iranian rap
15_persian_rap_legends,RADDI,Maslak,RADDI,,False,spotify:track:0tOSHcfRMmCGAV5N9TZMA1,Iranian rap
15_persian_rap_legends,Yallah,"Koorosh, Behzad Leito",HOME ALONE,,True,spotify:track:1Aj5jDYggkEBoDVFYsesEk,Iranian rap
15_persian_rap_legends,Romania,"Mehrad Hidden, Shayea",Pizza,,False,spotify:track:2TsQWYTrWTi89iA8YWiYw7,Iranian rap
15_persian_rap_legends,Bache Mahal,Zedbazi,Bache Mahal,,False,spotify:track:66TbdqCXssdE2tW4LOhFkQ,Iranian rap
15_persian_rap_legends,Pinguin,"Hiphopologist, Ashkan Kagan",Scarface,,False,spotify:track:1qIwsPsb3392zHZ8d3cuTR,Iranian rap
15_persian_rap_legends,Satori,Hamid Sefat,Satori,,False,spotify:track:633xvHgM8ixUoDVMrqzy3K,Iranian rap
15_persian_rap_legends,Mojassameh,"Ali Sorena, Saeed Dehghan",Mojassameh,,False,spotify:track:5mHZyYeg6uUNX36DMxJfQX,Iranian rap
15_persian_rap_legends,Ghool,Shayea,Ghool,,True,spotify:track:3WtaVHOdqbTUGffxNegbac,rap farsi
15_persian_rap_legends,2 Saal,"Sijal, Octave",2 Saal,,False,spotify:track:3Sn261HsKEFyvy7LwZIRaZ,rap farsi
15_persian_rap_legends,Velelesh,"Koorosh, Arta",Velelesh,,True,spotify:track:7dTy4QOVAdiip8QpXHnswH,rap farsi
15_persian_rap_legends,Khodaye Binahayat,Mehrad Hidden,Khodaye Binahayat,,False,spotify:track:2vgaPoFQOZoL927oI5l0Ka,rap farsi
15_persian_rap_legends,ADDI,Dorcci,YOUNG MORVARID,,False,spotify:track:1YFAi3Mxuofp5tOUao2oaJ,rap farsi
15_persian_rap_legends,Ex,Hiphopologist,Heart Attack,,True,spotify:track:7mFSM2JZ6DAxfJiwmmowEL,rap farsi
15_persian_rap_legends,Rooye Jenazat Miraghsam,Hichkas,Rooye Jenazat Miraghsam,,False,spotify:track:7wpdZLPwob9OzQOFDDHNER,rap farsi
15_persian_rap_legends,Zamin Saafe,Zedbazi,Zedbazi,,False,spotify:track:7imwgFerkLlOYXEGSXOFZc,rap farsi
15_persian_rap_legends,La Mamura,"Hiphopologist, Vinak, Ashkan Kagan",La Mamura,,True,spotify:track:1Lz78xDdKYCzDY5DfF4pwu,رپ فارسی
15_persian_rap_legends,غمگین ترین میکس رپ فارسی,ریمیکس ایرانی,غمگین ترین میکس رپ فارسی,,False,spotify:track:05GlmqTlvLxJpDWe1McANJ,رپ فارسی
15_persian_rap_legends,Hamoomi,"Mehrad Hidden, NAVA, Farbod Mehr",Hamoomi,,False,spotify:track:3DVBsjQHeUpg0RU5r0FuUw,رپ فارسی
15_persian_rap_legends,ریمیکس رپ گنگستر فارسی,Top Money Mahali,ریمیکس رپ گنگستر فارسی,,False,spotify:track:30JQbyMoj2nV4lu3i0VdXf,رپ فارسی
15_persian_rap_legends,Road 61,"PapaBoyz, Heliyom, Moreshahin",Road 61,,True,spotify:track:3i9myzue0yMmPbZpfnMS19,رپ فارسی
15_persian_rap_legends,غمگین ترین آهنگ رپ فارسی,ریمیکس ایرانی,غمگین ترین آهنگ رپ فارسی,,False,spotify:track:5DZGicX7gn86BK9BvGrizv,رپ فارسی
15_persian_rap_legends,رپ فارسی: یک سلام | Afghan Rap Song: Yak Salam,Asman Studio,رپ فارسی: یک سلام | Afghan Rap Song: Yak Salam,,True,spotify:track:4Lfd8EWAXoKRWrxbNxFEEH,رپ فارسی
15_persian_rap_legends,Hamcluby,"Hiphopologist, Vinak, Ashkan Kagan",Peymod Be Shemroon,,True,spotify:track:3tEU1rYmsSLhQNb3UWfaEp,رپ ایرانی
15_persian_rap_legends,غمیگن ترین ریمیکس رپی سال - سیگار,ریمیکس ایرانی,غمیگن ترین ریمیکس رپی سال - سیگار,,False,spotify:track:2nqUfX6UIoi1aYW4il7W89,رپ ایرانی
15_persian_rap_legends,ریمیکس غمگین رپ Persian Sad Rap,ریمیکس ایرانی,ریمیکس غمگین رپ Persian Sad Rap,,False,spotify:track:0mGLmtOMFzzVCV4g3dFK7u,رپ ایرانی
15_persian_rap_legends,Yani Chi Nemishe,Hichkas,Yani Chi Nemishe,,False,spotify:track:2dQRmru5lr8BP9qvUSKoS9,Hichkas
15_persian_rap_legends,Bazam Kalan,"Reza Pishro, Hichkas",Bazam Kalan,,False,spotify:track:5KEIOTSPc4Y01pM4FIqBRX,Hichkas
15_persian_rap_legends,Chera Badi,"Zedbazi, Hichkas",Zakhar Nameh,,True,spotify:track:2CNjuACsJ5952oGnqOfSYg,Hichkas
15_persian_rap_legends,Party,Zedbazi,Zedbazi,,True,spotify:track:440YiOuVjnND2L8FGmh10o,Hichkas
15_persian_rap_legends,Hichkas,Shahryar Zarfsaz,Hichkas,,False,spotify:track:25LlXY29aMNDrw2f5Rr4FU,Hichkas
15_persian_rap_legends,مخنوق,Mikasa Music,مخنوق,,False,spotify:track:0l5hn63lEG7Hi8PoL9nse8,Hichkas
15_persian_rap_legends,Hikayaty,Amr Diab,Amarain,,False,spotify:track:1v8fkym83RD6kdudBfJVZM,Hichkas
15_persian_rap_legends,MABANSASH - مبنساش,ESS,MABANSASH - مبنساش,,False,spotify:track:7KWvSN5VDZlMNVNtiUBMvo,Hichkas
15_persian_rap_legends,من أنا,Mikasa Music,من أنا,,False,spotify:track:24o99GT2SaPgcN7Mwkfut9,Hichkas
15_persian_rap_legends,Rappere Ghadimi,Reza Pishro,Singles Vol. 1,,True,spotify:track:3hHz4k9FvYj4PQx0dhN0vh,Reza Pishro
15_persian_rap_legends,Bale Ghorban,"Reza Pishro, Putak",Nirvana,,True,spotify:track:4VNRFVsVeHsd9RE2sxF8Hx,Reza Pishro
15_persian_rap_legends,Tariki,Reza Pishro,Tariki,,True,spotify:track:6BnxBf4umXVTwbEOvDpHXO,Reza Pishro
15_persian_rap_legends,Niloofare Abi,Reza Pishro,Azad,,False,spotify:track:0cxvwaaPxXeObGTU33UhiJ,Reza Pishro
15_persian_rap_legends,Rap Game,"Reza Pishro, Ali Owj",Rail (Vol. 1),,True,spotify:track:63Dl0A4GO3HXAavGYlWXjK,Reza Pishro
15_persian_rap_legends,Dore Donya,Reza Pishro,Dorane Talaei,,False,spotify:track:3IS3H10GNwcTupyFqsVzBu,Reza Pishro
15_persian_rap_legends,Rock A Chock,"Mehrad Hidden, Reza Pishro",Rock A Chock,,False,spotify:track:0lsZt7u0pys6KanpJmAzcs,Reza Pishro
15_persian_rap_legends,Jasad,Reza Yazdani,Jasad,,False,spotify:track:4DAdCWiX78lwsxFUEXp2p6,Reza Pishro
15_persian_rap_legends,Sefareshi,Yas,Sefareshi,,False,spotify:track:5P7Q1nGwx6xQQExAAH5OZP,Yas rap
15_persian_rap_legends,Neva Play (feat. RM of BTS),"Megan Thee Stallion, RM",Neva Play (feat. RM of BTS),,True,spotify:track:2ZqTbIID9vFPTXaGyzbb4q,Yas rap
15_persian_rap_legends,Ya Sahbi,Akram Mag,Ya Sahbi,,False,spotify:track:3jewdoJpOiBXNWBpuInrqn,Yas rap
15_persian_rap_legends,Yes Sir,Chief Keef,4NEM,,True,spotify:track:6Sn6WyJl9Xd2iWTfprdLCC,Yas rap
15_persian_rap_legends,Neva Play (feat. RM of BTS),"Megan Thee Stallion, RM",MEGAN: ACT II,,True,spotify:track:4vEE3lzBLXBN3RxyGtZNir,Yas rap
15_persian_rap_legends,Ya Kahera,Mond,Origins: قبل انتفاضة,,False,spotify:track:2DScms6js280yrc9QpJK3S,Yas rap
15_persian_rap_legends,YADOB,"Nasser, HatemBas, Bashmohannad",YADOB,,False,spotify:track:6JjYUQ4BsDJocL3J9knikT,Yas rap
15_persian_rap_legends,Cigare Soorati,Zedbazi,Zakhar Nameh,,False,spotify:track:3dtd4u0Bip0Y7H6cRuPIgB,Zedbazi
15_persian_rap_legends,Tabestoon Kootahe,Zedbazi,Zedbazi,,True,spotify:track:6bJYxnGau5bTOpa3WtLFSK,Zedbazi
15_persian_rap_legends,Nakoni Bavar,"Zedbazi, Behzad Leito",Zakhar Nameh,,False,spotify:track:3VtG6gq1xrQfzB6FQYZUmg,Zedbazi
15_persian_rap_legends,Mysterious Eyes,Zedbazi,Zedbazi,,True,spotify:track:1eCiLcEGVd0W4MSbFxVhLx,Zedbazi
15_persian_rap_legends,BANATY,"ZIAD ZAZA, Omar Keif",BANATY,,False,spotify:track:2MwSGlOF7IyO08qtGpSbTg,Zedbazi
15_persian_rap_legends,باليني,"ZIAD ZAZA, Vodafone Music, Ismail Nosrat",باليني,,False,spotify:track:4IfxveU1bKptoIxYbQ2tob,Zedbazi
15_persian_rap_legends,Mahlake,"Bahram, Ali Sorena",Khoone Khorshid,,True,spotify:track:3ouQVRHhh2iRZ8U7b6fd1g,Bahram rap
15_persian_rap_legends,SAZ,Bahram,ESHTEBAHE KHOOB,,False,spotify:track:13UjfuwLIxfZ56qXQhEdF3,Bahram rap
15_persian_rap_legends,LAMS,Bahram,ESHTEBAHE KHOOB,,False,spotify:track:1CPe7uw5tXP1E1NvTDGyBG,Bahram rap
15_persian_rap_legends,AGHOOSH,"Bahram, Holly",HEECH,,False,spotify:track:5q7UzAnBEataMgHhmiJ2VG,Bahram rap
15_persian_rap_legends,Sangsar,"Ali Sorena, Bahram",Khoone Khorshid,,False,spotify:track:5wzAfgW9phTHNmE55cgaF8,Bahram rap
15_persian_rap_legends,FAR2 KHEBRA,Afroto,FAR2 KHEBRA,,False,spotify:track:7lCW6YtKKzlS39ZMCNjUpo,Bahram rap
15_persian_rap_legends,SHAHR BARA EL BEIT,"Begad, EVO",BARA EL BEIT,,False,spotify:track:5yehuZLs7aNlZiGNKYm7qN,Bahram rap
15_persian_rap_legends,INSAN,"Begad, Mond",INSAN,,False,spotify:track:0tXbC5pExBG0xeEh0WQ5BH,Bahram rap
16_persian_trap_melodic,The Immortal Asadi - Armin’s Theme,"ASADI, El Armin",The Immortal Asadi - Armin’s Theme,,False,spotify:track:2kIzpoZou2dDRCucaoEGBy,Persian trap
16_persian_trap_melodic,Age Ye Rooz - Remix,"ASADI, Erfan, Faramarz Aslani",Age Ye Rooz (Remix),,False,spotify:track:6VTbhdmrooMC66hRwRWH3Y,Persian trap
16_persian_trap_melodic,Persian Queen,ASADI,Persian Queen,,False,spotify:track:4YfzvvX3rCnueNJHIvKYHm,Persian trap
16_persian_trap_melodic,Crown,ASADI,21 Years,,False,spotify:track:4drEAtcAAk7cKJzw8pOhZG,Persian trap
16_persian_trap_melodic,GOT (Game of Thrones),ASADI,GOT (Game of Thrones),,False,spotify:track:1cZNb2DwOxpcriZ0Wza65M,Persian trap
16_persian_trap_melodic,Persian Lean,Santos Santana,Persian Lean,,True,spotify:track:5TMIBRhmvGCjtSpEAotjo8,Persian trap
16_persian_trap_melodic,Belaad Party,"Hiphopologist, Vinak, Ashkan Kagan",Belaad Party,,True,spotify:track:7FYg57DtxkogoVqyon43bn,Persian trap
16_persian_trap_melodic,Gharibe,Hiphopologist,Heart Attack,,False,spotify:track:0ci6yIrRv0KBa9a3A2VKuh,Persian trap
16_persian_trap_melodic,Trap Farsi,"Cnjim, Feryoung",Trap Farsi,,True,spotify:track:6qmvuXIalyMCQlMmZP7BSk,trap farsi
16_persian_trap_melodic,Mexico,"Hiphopologist, Ashkan Kagan, Vinak, Sepehr Khalse, Behzad Leito, Chvrsi, Young Sudden",Scarface,,True,spotify:track:5rtpokmRITYJU0a6GAx71j,trap farsi
16_persian_trap_melodic,ACL,villainforce,ACL,,True,spotify:track:7wLpa3Sdu8XmLRud8hiAch,trap farsi
16_persian_trap_melodic,TRAPE GUCCI,Gucciflame,TRAPE GUCCI,,True,spotify:track:5clw5XqiC3UeAB5H2TGbHW,trap farsi
16_persian_trap_melodic,Naro </3,"Gucciflame, Ashkan Kagan",Naro </3,,True,spotify:track:1aBfbaaPrj1MplvkyN24rx,trap farsi
16_persian_trap_melodic,Wowleyla,"PapaBoyz, Papa Moosyow, Papa Matt, Papa Fred",8 Bit,,True,spotify:track:6wSFpKW9JQq5KnLzFnV1dL,trap farsi
16_persian_trap_melodic,Dadam Do,"Hoodadk4, Arian Dousti",Dadam Do,,True,spotify:track:76KfLKeq0AKLcUZdRnRQzc,trap farsi
16_persian_trap_melodic,Sibilam Maye,"Mersad, Arian Dousti",Sibilam Maye,,True,spotify:track:3AzPP4LVttRYnkB3yE71YO,trap farsi
16_persian_trap_melodic,Boro Khoone,"Mahyar, Shayea, Mehrad Hidden",Boro Khoone,,False,spotify:track:0DYb1v4bxxh4NOVLtZk4nL,ترپ فارسی
16_persian_trap_melodic,TRAGEDY,"Sajad Shahi, Matin Fattahi, NoTsH",MIRAS,,True,spotify:track:5I0KbH9YUAZcf6E9N7or1F,ترپ فارسی
16_persian_trap_melodic,Marge Roya,Koorosh,HOME ALONE,,True,spotify:track:1iGD4WmEQGorGDKJITFNA9,ترپ فارسی
16_persian_trap_melodic,Trap,WHOBG,Trap,,True,spotify:track:1IeU8ETTV4BHlPceIn69gH,ترپ فارسی
16_persian_trap_melodic,Zemestoon,"Hoomaan, Arown",Zemestoon,,False,spotify:track:2Tk9LXnJE4Kc5ra79Qeef5,ترپ فارسی
16_persian_trap_melodic,Jigh,"Chvrsi, Hoomaan, Ashkan Kagan",Zaar,,True,spotify:track:45EkEcw56AvfKXNlnnt5FS,ترپ فارسی
16_persian_trap_melodic,03:00Am,Sajad Shahi,03:00Am,,True,spotify:track:6dL2nlcUJH1toO0ZWCC5nv,ترپ فارسی
16_persian_trap_melodic,Hide & Seek,"ASADI, Erfan, XYE",NUR,,False,spotify:track:6hhH0qU9KPqrTzm6BFXTbN,Iranian trap
16_persian_trap_melodic,Belaad,"Hiphopologist, Vinak, Ashkan Kagan",Peymod Be Shemroon,,True,spotify:track:32cleVb5ga9Umj9uizrvRJ,Iranian trap
16_persian_trap_melodic,Trap Mode,Koorosh,HOME ALONE,,True,spotify:track:66ZB4HpZeaQao6MT21v2iE,rap farsi trap
16_persian_trap_melodic,Traphouse,Sepehr Khalse,Traphouse,,True,spotify:track:47wkQQdLiYDjPshT5jfwvb,rap farsi trap
16_persian_trap_melodic,Mesle Ghablan,"Behzad Leito, Isam, Tamara",Late Night Drive,,True,spotify:track:5IlhdUHCCbWCwRaUKE47Q7,Behzad Leito
16_persian_trap_melodic,Doost Daram Hamishe,"Behzad Leito, Sepehr Khalse",Late Night Drive,,True,spotify:track:3TbLJtJiuaTdRWMc6pl14h,Behzad Leito
16_persian_trap_melodic,Bi To,Behzad Leito,Late Night Drive,,True,spotify:track:2jIVjV2IIVT33jyDq4pmLa,Behzad Leito
16_persian_trap_melodic,Faaze Khalse,Behzad Leito,Late Night Drive,,True,spotify:track:1wBT5AXJm5EBSqB77p3ar9,Behzad Leito
16_persian_trap_melodic,Bezar Beri Yadam,"Behzad Leito, Tamara",Late Night Drive,,True,spotify:track:62ADA06wvoW4evH0UsANhG,Behzad Leito
16_persian_trap_melodic,Highway,"Behzad Leito, Arown, Arman Miladi",SPICY,,False,spotify:track:0xJGuS0MYvyvzZnarcvhm8,Behzad Leito
16_persian_trap_melodic,Chera Rafti,"Behzad Leito, Chvrsi",Late Night Drive,,False,spotify:track:1IkGrC3bwlE05xiKnDcmZ9,Behzad Leito
16_persian_trap_melodic,Havaashi,"Behzad Leito, Tamara, Ashkan Kagan",Havaashi,,False,spotify:track:4VAuUdkufG4gOjuKdf6zfU,Behzad Leito
16_persian_trap_melodic,Ba Man Harf Bezan,"Behzad Leito, Tamara",Late Night Drive,,True,spotify:track:5IHCdcMufQrfrXJCLRjYlG,Behzad Leito
16_persian_trap_melodic,Male Mane,Behzad Leito,SPICY,,False,spotify:track:7GEWLGa5mFBtTTfZrKdHTs,Behzad Leito
16_persian_trap_melodic,Chi Mishe,"Sijal, Sepehr Khalse",Chi Mishe,,True,spotify:track:1g8TSMM7Wv8JK0zUUU2G99,Sepehr Khalse
16_persian_trap_melodic,‌Nakhla,"Sijal, Mehrad Hidden, Sepehr Khalse",‌Nakhla,,True,spotify:track:6yNVVGfGQWwJA2xPeUYJUx,Sepehr Khalse
16_persian_trap_melodic,Leila,"Sijal, Sogand, Sepehr Khalse",Leila,,False,spotify:track:2wNsGvF1XjHombYNuNQoj2,Sepehr Khalse
16_persian_trap_melodic,Ghalbe Banafsh,"Sepehr Khalse, Ali Ardavan, I.Da",Ghalbe Banafsh,,False,spotify:track:74BCEuxc3dOxknpZo1wX4n,Sepehr Khalse
16_persian_trap_melodic,Keshavarza,"Tiem, Sepehr Khalse",Keshavarza,,True,spotify:track:7ChBRK767eYo8U2MfoQ9LH,Sepehr Khalse
16_persian_trap_melodic,Nemibinamet,"Tiem, Sepehr Khalse",Nemibinamet,,True,spotify:track:3eQWmvkXVKjX0PumYs5Bu8,Sepehr Khalse
16_persian_trap_melodic,Chikar Kardi,"Behzad Leito, Sijal, Heliyom, Sepehr Khalse",Chikar Kardi,,False,spotify:track:75RUP3gK3c03V0W8kPkwyc,Sepehr Khalse
16_persian_trap_melodic,Delam Az Donya Gerefte,"Arman Miladi, Sepehr Khalse, Hoomaan",Paranoia,,True,spotify:track:1rVKUv7PpYwPBHqKXOgqdG,Sepehr Khalse
16_persian_trap_melodic,Mituni Mage,"Arta, Erfan, Catchybeatz, Koorosh, Vinak",Mituni Mage,,True,spotify:track:6zctI4eibSmLYcdCm3WNjb,Koorosh
16_persian_trap_melodic,Khooneye Man,"Koorosh, Arta",TEHRAN 2585,,False,spotify:track:1TObrO0jdGdHZ18c2hnDsW,Koorosh
16_persian_trap_melodic,Shawty,"Koorosh, Ashkan Kagan, Vinak, Arta, Hiphopologist",HOME ALONE,,True,spotify:track:21Lxg3QhzeeASEGLxqyryq,Koorosh
16_persian_trap_melodic,Ba Man Beraghs‌,"Koorosh, Saaren",Ba Man Beraghs‌,,False,spotify:track:4eXVIeIgYz74HG6xX4gPw1,Koorosh
16_persian_trap_melodic,Nobahar,Koorosh,TEHRAN 2585,,False,spotify:track:4eBxyJSCImHw30pzEijNqj,Koorosh
16_persian_trap_melodic,To Faghat Bash,"Koorosh, Raha",TEHRAN 2585,,False,spotify:track:2DWMnhB35lEIzt2ijcUlfj,Koorosh
16_persian_trap_melodic,Baghalet,"Koorosh, Sami Low",TEHRAN 2585,,False,spotify:track:5s6mXrcSzJA0Psa03ECWff,Koorosh
16_persian_trap_melodic,OnlyFans,"Isam, Koorosh",OnlyFans,,True,spotify:track:3A6c20lnVVqTArdgwpQ8cD,Koorosh
16_persian_trap_melodic,Pinocchio,"Arta, Vinak",Pinocchio,,True,spotify:track:3iw7tfxTnUVZQsCZBGDc05,Arta
16_persian_trap_melodic,Mi amor,"Arta, Saaren",Mi amor,,False,spotify:track:0ZAn5wESji49Yq9NkMJK5K,Arta
16_persian_trap_melodic,Burn,"Arta, Parsa",Burn,,False,spotify:track:1HeUD9YwRMWygv110ayqVo,Arta
16_persian_trap_melodic,Adam Barfi,"Koorosh, Arta, Sami Low",Adam Barfi,,False,spotify:track:0kdHLIAlRW2IdeP5NwO6p9,Arta
16_persian_trap_melodic,Bi Liaghat,"Panicnine, Soby",Bi Liaghat,,True,spotify:track:5oI0YAUCB1MmxoQLlk0QY3,Arta
16_persian_trap_melodic,Har Eshghi Mimirad,"Saaren, Arta, Arman Miladi",Har Eshghi Mimirad,,False,spotify:track:4cd1aGMGvQzJ4FEUQQpFvs,Arta
16_persian_trap_melodic,Range O,"Catchybeatz, Soalk, ILLNOIZ",Range O,,True,spotify:track:70tR21UjIsbyJ59lyy9VsD,Catchybeatz
16_persian_trap_melodic,Mituni Mage,"Arta, Vinak, Koorosh, Erfan, Catchybeatz",Mituni Mage,,True,spotify:track:2Ty7bGT5io8tYoW8is7OeD,Catchybeatz
16_persian_trap_melodic,CANCELE,"Arta, Koorosh, Erfan, Behzad Leito, Catchybeatz, Sepehr Khalse, PDC, Shayan Roohi",HITMAN,,False,spotify:track:1hfJ7vUArxuf9et3s648E8,Catchybeatz
16_persian_trap_melodic,Bavelamko,"Catchybeatz, TM Bax, Talk Down",Bavelamko,,False,spotify:track:7wRd6TS0h8dpDBtzfjGdMw,Catchybeatz
16_persian_trap_melodic,Dardesar,"Catchybeatz, Behzad Leito",Etesali,,True,spotify:track:5VNzeEIJYEvbuczfLTfyD8,Catchybeatz
16_persian_trap_melodic,Catchy,Beats By Perki,1 Hour of Chill Freestyle Beats 2026,,False,spotify:track:1BnvmBrNG8KmFEs0As0yNc,Catchybeatz
16_persian_trap_melodic,CATCHY,O'MAX,CATCHY,,False,spotify:track:6E0WAJXGB6HI8BKTRRVRPh,Catchybeatz
16_persian_trap_melodic,Kachy,3LLLBeatz,Kachy,,False,spotify:track:2GPJGEPOsrkdaDRT89vRXw,Catchybeatz
16_persian_trap_melodic,catch me Type Beat,Michael Digital Suite,Ride or Die,,False,spotify:track:2aoNALpWneh1LFFCv84A8P,Catchybeatz
17_persian_party_club_rap,GO STUPID GO CRAZY,Adam Oh,THE COLLEGE FILES,,True,spotify:track:2MLd2xxhiVZhUtZDbF5Z4U,Persian party rap
17_persian_party_club_rap,"BILLIE EILISH LEGENDS MIX. (feat. Ludacris, Busta Rhymes & N.O.R.E.)","Armani White, Ludacris, Busta Rhymes, N.O.R.E.",Road to CASABLANCO.,,True,spotify:track:5hpPlvhy6AcAneYqNmuLrd,Persian party rap
17_persian_party_club_rap,Party Monsters,"Kottonmouth Kings, Tech N9ne",Long Live the Kings,,True,spotify:track:1zb7MSTpT1IOwAlFrpyFK3,Persian party rap
17_persian_party_club_rap,Godzilla (feat. Juice WRLD),"Eminem, Juice WRLD",Music To Be Murdered By - Side B (Deluxe Edition),,True,spotify:track:4rTlPsga6T8yiHGOvZAPhJ,Persian party rap
17_persian_party_club_rap,Gangsta Rap Made Me Do It,Ice Cube,Raw Footage,,True,spotify:track:62duQFVb51gug9ajR6Qdiz,Persian party rap
17_persian_party_club_rap,Don’t Worry,Drake,ICEMAN,,True,spotify:track:6cYGpGmnMeK9qWhRpaZOZ5,Persian party rap
17_persian_party_club_rap,Respect - 2005 Remaster,The Notorious B.I.G.,Ready to Die (The Remaster),,True,spotify:track:13N31D8yFuN4JeYYR7veY6,Persian party rap
17_persian_party_club_rap,Hasty,"conscience, Syndrome",Hasty,,True,spotify:track:3hwKjQmc08h3az3PlqUM5F,Iranian hip hop club
17_persian_party_club_rap,911,"Boo-Yaa T.R.I.B.E., Eminem, B-Real",West Koasta Nostra,,True,spotify:track:5uImCgmAdDBPTH4bIvql9s,Iranian hip hop club
17_persian_party_club_rap,Lil Bit (feat. Florida Georgia Line),"Nelly, Florida Georgia Line",Heartland,,True,spotify:track:33aow0AcXYvT1FoWNzMcqN,Iranian hip hop club
17_persian_party_club_rap,Right Above It,"Lil Wayne, Drake",I Am Not A Human Being,,True,spotify:track:1kMuU3TNQvHbqvXCWBodmP,Iranian hip hop club
17_persian_party_club_rap,STOLE YA FLOW,A$AP Rocky,Don't Be Dumb,,True,spotify:track:2FycFFuNMVVYIiIqeldXF5,Iranian hip hop club
17_persian_party_club_rap,Joon,Kamyar,Joon,,False,spotify:track:5rLjG0kgfPyq1AaoIcngyB,rap farsi party
17_persian_party_club_rap,Death to Mumble Rap,"GAWNE, Mac Lethal, Futuristic, Crypt",Terminal,,True,spotify:track:4pw5QhgcxTjtAcsmDwLQY1,rap farsi party
17_persian_party_club_rap,Cha Cha,TM Bax,Cha Cha,,False,spotify:track:1v9pGDvbQb5G8CDqYEpMRG,rap farsi party
17_persian_party_club_rap,MVSH PARTY,Mvshreghi,MVSH PARTY,,True,spotify:track:4FXXFzrr2J4C78dRXQOaHF,rap farsi party
17_persian_party_club_rap,Meshki Lebas - Deejay Al Remix,"TM Bax, Deejay Al",Meshki Lebas (Deejay Al Remix),,False,spotify:track:32gCOw9n7YNK3w4OlOYzS6,rap farsi party
17_persian_party_club_rap,Party Like a Rockstar,SHOP BOYZ,"Street Swag, Vol. 2",,False,spotify:track:0iHrITCTrSjBrEv80L6YE8,rap farsi party
17_persian_party_club_rap,Kiss The Sky,G-Eazy,Helium,,False,spotify:track:1lPxbfguoW85eKsnLOPtbK,rap farsi party
17_persian_party_club_rap,No More Parties In LA,Kanye West,The Life Of Pablo,,True,spotify:track:0zLClc0emc6qUeV1p5nc99,rap farsi party
17_persian_party_club_rap,Persian,"Tohi, poobon",Superstar,,False,spotify:track:6u0EGQfDNyF6hNi6JpEShT,Persian hip hop
17_persian_party_club_rap,Ekhtelaf,Hichkas,No One Knows About Persian Cats,,False,spotify:track:61HBwIji5hb8YCFizrXz3k,Persian hip hop
17_persian_party_club_rap,Mano Vel Nakonia,The Don,Mano Vel Nakonia,,False,spotify:track:6DiE7lghD6DXk0zi3FZc4o,hip hop farsi
17_persian_party_club_rap,Red Rose,"Saaren, Javad Rahmani",Red Rose,,False,spotify:track:1YjJW3Z18XaOyD0jz1nEZB,hip hop farsi
17_persian_party_club_rap,Neanderthal,SaintP,Neanderthal,,True,spotify:track:0bEowBX1DyVpH753OjpKRn,hip hop farsi
17_persian_party_club_rap,Afterparty,Wegz,Aqareb,,False,spotify:track:4WbE5qrmw9H4RVpjCns7oR,Zedbazi party
17_persian_party_club_rap,Zelzal,Mahmoud El Leithy,Zelzal,,False,spotify:track:0NIPlnoBzm52xIDkdkHX5M,Zedbazi party
17_persian_party_club_rap,Eshghe Alaki,"Sijal, Sepehr Khalse, Sohrab Mj, Heliyom",OCD,,False,spotify:track:0e5rlph0Dvah0O07QaaiB1,Sijal
17_persian_party_club_rap,Bekhatere To,"Sijal, Sepehr Khalse, Heliyom",OCD,,True,spotify:track:01bFSZDBEyKT3cjdX1lU4o,Sijal
17_persian_party_club_rap,Greece,"Sijal, Sepehr Khalse, Heliyom",OCD,,True,spotify:track:6CMvrhNia97MKIjgMEpbKn,Sijal
17_persian_party_club_rap,2 Ace,"Sijal, Sepehr Khalse, Catchybeatz",OCD,,True,spotify:track:39PlrBsUlInc8JdQPn3eJL,Sijal
17_persian_party_club_rap,Kabol,"Sijal, Sepehr Khalse, Maslak, Darab",OCD,,True,spotify:track:71YooyJQqjL83XPXf7JpvF,Sijal
17_persian_party_club_rap,Miboosamet Are,"Sijal, Milanium",Miboosamet Are,,False,spotify:track:0cpiYuUIyDrgt1iPXRWbYb,Sijal
17_persian_party_club_rap,Fogholade,"Behzad Leito, Sijal, Sami Beigi",Fogholade,,False,spotify:track:4shGMwLxYjEHaGqoGgbpw5,Sijal
17_persian_party_club_rap,Delam Tang Shod,"Vinak, Sohrab Mj, Ashkan Kagan",Gheddis,,True,spotify:track:6xNP9YUQeOLZyxgCi54Hd0,Sohrab MJ
17_persian_party_club_rap,Pesare Bad,"Nassim, Alireza Jj, Sijal, Cornellaa, Sohrab Mj",Pir Shodim Vali Bozorg Na,,False,spotify:track:6oVehsw1WqwQzjG9dZKpma,Sohrab MJ
17_persian_party_club_rap,12 Be Bad,"Ho3ein, Sohrab Mj",12 Be Bad,,True,spotify:track:7cOTzO1Zxan0BHd1Hs8rIN,Sohrab MJ
17_persian_party_club_rap,Al Sohab,Mahmoud Hussain,Al Sohab,,False,spotify:track:1AFRriKez69RE5G7BiRoq1,Sohrab MJ
17_persian_party_club_rap,We Are Still Here,Ahmed Samy,We Are Still Here,,False,spotify:track:4YqoinyKcbzXKGVUkixfVr,Sohrab MJ
17_persian_party_club_rap,So Ya So,Mohamed Mounir,Alby Masaken Sha3beya - Remaster,,False,spotify:track:5MDy7QPamcOGb3rEUJmS3Q,Sohrab MJ
17_persian_party_club_rap,Sifr (feat. EL Waili) - Live Session,"Samar Tarik, El Waili",Sifr (Live Session) [feat. EL Waili],,False,spotify:track:0pDtKBda0d5tcZyNmUuKTq,Sohrab MJ
17_persian_party_club_rap,Shagar El Lemoon,Mohamed Mounir,Shababeek,,False,spotify:track:1pKzztd71swa64pMOG02gj,Sohrab MJ
17_persian_party_club_rap,Kheyli Vaghte,"Mehrad Hidden, NAVA",Kheyli Vaghte,,False,spotify:track:1WVPB7x9UlErXDnndwgNIJ,Mehrad Hidden
17_persian_party_club_rap,Mano Bespar,"Mehrad Hidden, KAVIANO",Mano Bespar,,False,spotify:track:2sS3htenj2jGFO0DVz6zuv,Mehrad Hidden
17_persian_party_club_rap,Refighe Man,"Mehrad Hidden, KAVIANO",Refighe Man,,True,spotify:track:2QsOoylU8xC8vGtYzjnhek,Mehrad Hidden
17_persian_party_club_rap,In Shahr,"Mehrad Hidden, KAVIANO",In Shahr,,True,spotify:track:3mhG7Yvn6M4fPj8AfUXCDO,Mehrad Hidden
17_persian_party_club_rap,Baazi,"Mehrad Hidden, Rassek","Toonel, Vol. 1",,False,spotify:track:4uvO8Ltu6FhTmmiTKhtfCm,Mehrad Hidden
17_persian_party_club_rap,Be Name Khoda,"Mehrad Hidden, Shayea",Pizza,,False,spotify:track:48gDG2GU51VDLviNfXfS5T,Mehrad Hidden
17_persian_party_club_rap,Beham Rikhte,"Alireza Jj, Mehrad Hidden",LEITMOTIV,,False,spotify:track:1ThcQY5bePhBqnfxFeJLpk,Mehrad Hidden
17_persian_party_club_rap,Berim Baham,"Alireza Jj, Sijal, Sepehr Khalse, Hoomaan",Double Album,,True,spotify:track:5y3FM8OQ6kEbULBRM6OCCs,Alireza JJ
17_persian_party_club_rap,Ghesmate Man,"Alireza Jj, Shayan Eshraghi",Amadeus,,False,spotify:track:5shRNYYfUNrRTakLf8IjXQ,Alireza JJ
17_persian_party_club_rap,Text,"Alireza Jj, Radochi, Ayzun",Amadeus,,False,spotify:track:5Ck2dTUlWNoJSm1TSbwjUa,Alireza JJ
17_persian_party_club_rap,EMERGEN Z (Hamechi Ye Rooz),"Alireza Jj, Namito, Sahand",EMERGEN Z (Hamechi Ye Rooz),,False,spotify:track:4LbGHW8TGHxOdTDLXgD77M,Alireza JJ
17_persian_party_club_rap,Balance,"Alireza Jj, Mehrad Hidden, Sohrab Mj, Sepehr Khalse",Amadeus,,False,spotify:track:7wSbNNWKANjjxZY61w3Djh,Alireza JJ
17_persian_party_club_rap,Neghab,"Alireza Jj, The Don",Neghab,,False,spotify:track:4Y1eSh3u55U8HG3NxXRVke,Alireza JJ
17_persian_party_club_rap,Naab,"Behzad Leito, Alireza Jj, Sijal",Khakestari,,True,spotify:track:0Z6k3IM5yzUVReWixzOajN,Alireza JJ
17_persian_party_club_rap,+3:30 Tehran Maserati,"Nassim, Alireza Jj, Sijal, Behzad Leito",Pir Shodim Vali Bozorg Na,,False,spotify:track:09SM1162AZUqolpvGySBgV,Alireza JJ
18_persian_dark_drill,Harbu Darbu - Persian Remix,021kid,Harbu Darbu (Persian Remix),,True,spotify:track:3JmGUWxezdafwEHViVhKYM,Persian drill
18_persian_dark_drill,Persian Warrior,021kid,Persian Warrior,,True,spotify:track:5ACjvA1Q8AU5AoyEseIbcP,Persian drill
18_persian_dark_drill,Persian Drill,Misc Disc Mix,Persian Drill,,True,spotify:track:1y8YOHQdH52fLAgz5LjyAP,Persian drill
18_persian_dark_drill,persian drill,Mehdi kaya,persian drill,,False,spotify:track:4ugkjJN4YgLAvnd2bBtOQi,Persian drill
18_persian_dark_drill,Special Abilities,"Persian Drill, Sargent Sauce",Special Abilities,,True,spotify:track:1PhkOEe9WHuMtwWain1yL4,Persian drill
18_persian_dark_drill,Atash (Persian Drill),Jay Cactus,"The Prick Tape Instrumentals, Vol. 5",,False,spotify:track:7b5Lx1vmwFcwiRSUf0CB7R,Persian drill
18_persian_dark_drill,POLICE,AmirAli Morph,POLICE,,True,spotify:track:1OvJml9DEtp7cWHxf6S6oj,Persian drill
18_persian_dark_drill,Adrenalintro,"Paya, Sinab, Gdaal, Parsalip",Adrenaline 2,,True,spotify:track:2sJG0usgCjJk6zmlpNZIeI,Persian drill
18_persian_dark_drill,Iranian Drill,EZZI,Sample Saturday (vol. 4),,False,spotify:track:1hSpTMpe7SisPCEUERxl5W,Iranian drill
18_persian_dark_drill,Hayula,"Koorosh, Sami Low, Raha","420, Vol. 2",,False,spotify:track:02JDPlAu2uY8ilmwbHUNDV,Iranian drill
18_persian_dark_drill,Ambulance,"Koorosh, Arta, Sami Low","420, Vol. 2",,True,spotify:track:3HVbpT69tPzRdbv4oknPmx,Iranian drill
18_persian_dark_drill,Iranian Drill,MMBeatz,Iranian Drill,,False,spotify:track:6IlvnYnjBQCYvR2hH9wyHQ,Iranian drill
18_persian_dark_drill,Iranian Driller,ATREUS,Stuck in My Own Place,,True,spotify:track:09DqhRLV5U2o2dnFIr9btG,Iranian drill
18_persian_dark_drill,Sag My Pants,Hopsin,Raw,,True,spotify:track:6UlB8jbtOwwQVHDOQRc8oj,dark Persian rap
18_persian_dark_drill,Marionette,Dark,Marionette,,True,spotify:track:73oFqEwvNP9HZKewgyuEa9,dark Persian rap
18_persian_dark_drill,Bad Zaat,"Hiphopologist, Ashkan Kagan",Bad Zaat,,True,spotify:track:4cfkjg7kpcBLfqqyD5QauZ,dark Persian rap
18_persian_dark_drill,REDLIGHT,"NGHTMRE, A$AP Ferg",REDLIGHT,,True,spotify:track:4Joy4odtE1z0AX32uWoAQn,dark Persian rap
18_persian_dark_drill,90s Rap Mashup,Austin Williams,90s Rap Mashup,,False,spotify:track:067ogyD1BIeZDh4UD0yV3Y,dark Persian rap
18_persian_dark_drill,600 DEGREES,"BigXthaPlug, Ro$ama, MurdaGang PB, Yung Hood, 600 Ent.",6WA,,True,spotify:track:3kMbCWVDtZR3ai8Vo57Rcm,dark Persian rap
18_persian_dark_drill,Kick in the Door - 2008 Remaster,The Notorious B.I.G.,NOTORIOUS Music From and Inspired by the Original Motion Picture,,True,spotify:track:24CA5I411NVDYodjjmKPx3,dark Persian rap
18_persian_dark_drill,Darkam Kon,Yas,Old of YAS,,False,spotify:track:22Q6kYO3p5f2Wpj0UPK3wz,rap farsi dark
18_persian_dark_drill,Shoolooghi,Amir Tataloo,Shoolooghi,,True,spotify:track:2oBK2IHXnl91UffF8SzZev,rap farsi dark
18_persian_dark_drill,Be Darak!,Fxrtem,Be Darak!,,True,spotify:track:4TcLXughRthPqgBbcjYhUL,rap farsi dark
18_persian_dark_drill,Trap Room,"RAP VIỆT, MAC Junior","Rap Việt, Vòng 1",,False,spotify:track:2YR6RhSyuNUJBrWdYItFlm,rap farsi dark
18_persian_dark_drill,Run This Town,"JAŸ-Z, Rihanna, Kanye West",The Blueprint 3,,False,spotify:track:5zz33Ev3mwKnpXI9IZ3a8K,rap farsi dark
18_persian_dark_drill,Life of a Boss,BigXthaPlug,TAKE CARE (DELUXE),,True,spotify:track:2Zom0cHy98xMHYtSFu64yX,rap farsi dark
18_persian_dark_drill,Roje Lab,Putak,Kanashi,,True,spotify:track:04eo5iRZBpmbLQRvbiO6mi,rap farsi dark
18_persian_dark_drill,Isis (feat. Logic),"Joyner Lucas, Logic",ADHD,,True,spotify:track:4h7qcXBtaOJnmrapxoWxGf,Persian underground rap
18_persian_dark_drill,Aarezeh,"Arshia, Kaboos, Labeat",Aarezeh,,True,spotify:track:5XbM2O8rcIdtNPHfz5ayNX,Persian underground rap
18_persian_dark_drill,Lord Willin',Logic,The Incredible True Story,,True,spotify:track:4q6oNFTjZmJqkIgPdp8iR1,Persian underground rap
18_persian_dark_drill,Картель,"AK-47, Triagrutrika, Jahmal TGK, VibeTGK, Витя АК",АКТГК,,True,spotify:track:3UrLvTjLQFybMe0ebL6Aho,Persian underground rap
18_persian_dark_drill,Rap God,Eminem,The Marshall Mathers LP2 (Deluxe),,True,spotify:track:6or1bKJiZ06IlK0vFvY75k,Persian underground rap
18_persian_dark_drill,Da Blow,"Lil Jon & The East Side Boyz, Gangsta Boo",Crunk Juice,,True,spotify:track:3eW3brBXFNI992RsCy3cRo,Persian underground rap
18_persian_dark_drill,"Aghoush, Pt. 2",Farshad,Nevisande,,False,spotify:track:0EJ7MnXOneTy6GAr3jCEbp,Persian underground rap
18_persian_dark_drill,Represent,Orishas,A Lo Cubano,,False,spotify:track:1ZYq2RVDEht5fuLUomK03I,Persian underground rap
18_persian_dark_drill,Okay,"Behzad Leito, Catchybeatz, Putak",Bache Tokhs,,True,spotify:track:7op5W1dOrGUj8C3iTgZjxS,Putak
18_persian_dark_drill,Kanashi,"Putak, AlkoNoiz",Kanashi,,True,spotify:track:55QZ3ofp64npKUUQFCoU78,Putak
18_persian_dark_drill,Navare Meshki,Putak,The Prophet,,True,spotify:track:1T5fHtTZU3xNqxtcPQvp6d,Putak
18_persian_dark_drill,Alon3,"Putak, Ashkan Kagan",Alon3,,True,spotify:track:4FYjetgJc47jrFaDh26IID,Putak
18_persian_dark_drill,Trackamun Mishe Release Boy,"Putak, Hiphopologist",Trackamun Mishe Release Boy,,True,spotify:track:41J1hGTIITEUk74P8Qe9fq,Putak
18_persian_dark_drill,Loco,"Behzad Leito, Sepehr Khalse, Young Sudden, Putak",SPICY,,False,spotify:track:34nFh54phcRMiugKr1oDUX,Putak
18_persian_dark_drill,Peydashe,"Parsalip, Putak",Peydashe,,False,spotify:track:3JDyL4TizqSN9vgygOAfu0,Putak
18_persian_dark_drill,Loco,"Behzad Leito, Putak, Young Sudden, Sepehr Khalse",Loco,,True,spotify:track:5aLJDqMSZcEtNOD2Xhyf2X,Putak
18_persian_dark_drill,Stress,"Putak, Dorcci",Red Horn,,True,spotify:track:4HPqFubOG6xJe1mLbfKvkg,Putak
18_persian_dark_drill,Baguette,"021G, RadPro",Baguette,,False,spotify:track:1eArDFi3tFspSQswuQPf1y,021G
18_persian_dark_drill,Zhen,021G,Zhen,,True,spotify:track:1aBhNaRh8Fl4Byrn2dmrUx,021G
18_persian_dark_drill,Asabi Hashari,"021G, Putak",Asabi Hashari,,False,spotify:track:7o0OYR0268qHZY7iVAp8rb,021G
18_persian_dark_drill,Chak Kosh,"021G, RadPro",Chak Kosh,,True,spotify:track:0ovbvxh9eWpym47WQfiSCt,021G
18_persian_dark_drill,021GM,"Hoodadk4, Saeed Dehghan",DONYAYE NAMARD,,True,spotify:track:0ZCVShwzSwi5Qvhw1NTlsU,021G
18_persian_dark_drill,In Dafe,021G,In Dafe,,True,spotify:track:2sgPIJDepmcV0YKcNDsNJE,021G
18_persian_dark_drill,Eldorado,"021G, fedi",Eldorado,,False,spotify:track:7DMrpl7QT2RBCimOYbJ3du,021G
18_persian_dark_drill,Gorg 3,"Amir Tataloo, 021G",Gorg 3,,False,spotify:track:3sZFr8cN4phRrfriRTbUaT,021G
18_persian_dark_drill,Asabani 2,Shayea,Asabani 2,,False,spotify:track:6RaB3iydhNGgX0KJG7pdLv,Shayea
18_persian_dark_drill,Belataklif,Shayea,Belataklif,,True,spotify:track:4axUYM93JFT7SOCZlmTD8I,Shayea
18_persian_dark_drill,Mosser,"Shayea, Mehrad Hidden",Mosser,,True,spotify:track:00lLt6unCSKBcpVPEyV9Mh,Shayea
18_persian_dark_drill,Asabani,Shayea,Asabani,,False,spotify:track:3y3deZ8aAHDEk2mhsu39w1,Shayea
18_persian_dark_drill,Man Delam Nemikhast,"Shayea, Lenna",Man Delam Nemikhast,,True,spotify:track:0a4IgVKBYXckFGhAckt8L6,Shayea
18_persian_dark_drill,OLD,Shayea,OLD,,True,spotify:track:0mGmSqhLWiRP7cW5FuZhl8,Shayea
18_persian_dark_drill,Arash,Arash,Arash,,False,spotify:track:1dvZrYDEy4LkDxzi9zmYuu,Shayea
18_persian_dark_drill,Bala Dastim,"Mehrad Hidden, Shayea",Pizza,,False,spotify:track:0i32QhqrWLjc3NDHlz5BmH,Shayea
18_persian_dark_drill,33,"Ho3ein, Epicure",33,,True,spotify:track:0xwkZlqjlnG8nfv8JK4xFI,Ho3ein
18_persian_dark_drill,Q69,Ho3ein,Q69,,True,spotify:track:2sjWBzp2RL9BqTb7VcablI,Ho3ein
18_persian_dark_drill,Sob Zohr Shab,Ho3ein,Sob Zohr Shab,,False,spotify:track:3R9SSQSQMJUwDDTgiKR1Bm,Ho3ein
18_persian_dark_drill,Be Mula,"Ho3ein, Masin, Epicure",Be Mula,,True,spotify:track:7MayY1yz6a5FDx757hMn0x,Ho3ein
18_persian_dark_drill,Didgah,Ho3ein,Didgah,,False,spotify:track:3CpmuBuSV5bJU4CM94QaQT,Ho3ein
18_persian_dark_drill,Narein,TUL8TE,Narein,,False,spotify:track:3D33hlROnv1lNCWIXIGsL2,Ho3ein
18_persian_dark_drill,Shedeeny,TUL8TE,Narein,,False,spotify:track:7t2pto2Td9oldo7aGOft4n,Ho3ein
18_persian_dark_drill,Fe Eineh,"Disco Misr, TUL8TE",Fe Eineh,,False,spotify:track:1iXs29VLepoUwk7iCVJ8KG,Ho3ein
18_persian_dark_drill,Sarnevesht,"Imanemun, Erfan, Gdaal, Madgal",Sarnevesht,,False,spotify:track:0D8atL0cgPBtTiNKoDZnwi,Gdaal
18_persian_dark_drill,Yadam Toro Faramush,"Gdaal, The Don",70,,False,spotify:track:7vw6j5UpXNPagifcECOm3V,Gdaal
18_persian_dark_drill,Hala Na,"Gdaal, Sami Beigi, Erfan, Madgal",Hala Na,,False,spotify:track:0WJvcDDeN5smUelhXck18T,Gdaal
18_persian_dark_drill,Baroon,Gdaal,Baroon,,False,spotify:track:5onB3lIZnwBGpIHxEV9SZH,Gdaal
18_persian_dark_drill,Seyed,Gdaal,Seyed,,False,spotify:track:7yET3NKUb0lj6vwDMfIoaQ,Gdaal
18_persian_dark_drill,Beri,"Gdaal, 021kid, Diata",Beri,,True,spotify:track:0hb1mMmnRcupxuZqQFhNGK,Gdaal
18_persian_dark_drill,Perc,"Gdaal, Aneea",Abraye Noghrei 3,,True,spotify:track:2eKtRslANHL8nk6bo1bjku,Gdaal
18_persian_dark_drill,Ye Khabare Khoob,Gdaal,Ye Khabare Khoob,,True,spotify:track:63sGyqpRm9RwvIDrWEUPXe,Gdaal
18_persian_dark_drill,Mage Man Mordam,"Koorosh, Arman Miladi, Hoomaan, Gdaal",HOME ALONE,,True,spotify:track:6fH0CWw6ZgdiaJ55xefdw0,Gdaal
18_persian_dark_drill,INDAFE,"Koorosh, Raha, Sami Low, Gdaal, Mr. MP",INDAFE,,True,spotify:track:19iHzZHVBRTv9rJVXD4tif,Gdaal
19_mixed_english_spanish_remix,bissu dumm ¿ MEGALODON REMIX,"Bonez MC, Nate57, JUGGLERZ, AchtVier, AK 33, AK AUSSERKONTROLLE, AZAD, Big Toe, CANEY030, Celo & Abdi",bissu dumm ¿ MEGALODON REMIX,,True,spotify:track:1IMa0Il4w988MwZCUcISix,latin hip hop remix
19_mixed_english_spanish_remix,EPMD 2 (feat. Eminem & EPMD),"Nas, Eminem, EPMD",King's Disease II,,True,spotify:track:4bRPecD9suGW8CfNZhzjS1,latin hip hop remix
19_mixed_english_spanish_remix,"Welcome To Atlanta (feat. P. Diddy, Snoop Dogg & Murphy Lee) - Coast 2 Coast Remix","Jermaine Dupri, Diddy, Snoop Dogg, Murphy Lee",So So Def presents: Definition of a Remix feat. Jermaine Dupri and Jagged Edge (This Is The Remix) (Explicit Version),,True,spotify:track:3ITVXdr8HopCwbl0zSolCB,latin hip hop remix
19_mixed_english_spanish_remix,"Flava in Ya Ear Remix (feat. The Notorious B.I.G., LL Cool J, Busta Rhymes, Rampage)","Craig Mack, Busta Rhymes, LL COOL J, Rampage, The Notorious B.I.G.",Flava In Ya Ear Remix,,True,spotify:track:4JYUDRtPZuVNi7FAnbHyux,latin hip hop remix
19_mixed_english_spanish_remix,47 - Remix,"Anuel AA, Ñengo Flow, Sinfonico, Lil Geniuz, Farruko, Casper Magico, Darell, Bad Bunny",47 (Remix),,True,spotify:track:2kQDcD7adY2odZLLfIexFj,latin hip hop remix
19_mixed_english_spanish_remix,Fuera del Planeta - Remix,"Eloy, Jowell, Randy Nota Loca, Zion",Clasicos 2008-2010,,True,spotify:track:56innU0z9irTs1uEVbbrBA,latin hip hop remix
19_mixed_english_spanish_remix,Quizas - Remix,"Tony Dize, Ken-Y, Marioso",Los Vaqueros Wild Wild Mixes,,False,spotify:track:4YFoQUkj0XXJgTiHp8d61y,latin hip hop remix
19_mixed_english_spanish_remix,LATINA,"DIBUWEV, YAQEEN, Shoman",TRDD,,False,spotify:track:2G9ufS5mMRCJkGUaKkUkOh,latin hip hop remix
19_mixed_english_spanish_remix,Techno Latino Vol.1,Bra Leyend Music,Techno Latino Vol.1,,False,spotify:track:5zcBiP54FUaFPK5jREMEdv,latin hip hop remix
19_mixed_english_spanish_remix,Dead Wrong - [Remix] [2005 Remaster],"The Notorious B.I.G., Eminem","International Rap Hits 2023 - Italian, Spanish, English, German etc. - 2023",,True,spotify:track:1s85QytTwnK30bgdKqetkT,spanish english rap remix
19_mixed_english_spanish_remix,Parables - Remix,"Cordae, Eminem","International Rap Hits 2023 - Italian, Spanish, English, German etc. - 2023",,True,spotify:track:57ASkyKmbvnGUgRWswtKqz,spanish english rap remix
19_mixed_english_spanish_remix,Watch This - ARIZONATEARS Pluggnb Remix,"Lil Uzi Vert, sped up nightcore, ARIZONATEARS","International Rap Hits 2023 - Italian, Spanish, English, German etc. - 2023",,True,spotify:track:0h6wKdxunmwm7rNOkSRKlS,spanish english rap remix
19_mixed_english_spanish_remix,Chauffeur Capo Remix (feat. Tory Lanez),"Diljit Dosanjh, CAPO, Ikky, Tory Lanez","International Rap Hits 2023 - Italian, Spanish, English, German etc. - 2023",,False,spotify:track:42q6ogWhJDG4eHSOv7HwZV,spanish english rap remix
19_mixed_english_spanish_remix,U.O.E.N.O.,"Rocko, Future, A$AP Rocky",U.O.E.N.O. Remix (feat. Future & A$AP Rocky),,True,spotify:track:1baooPNpHuiV81mVg5yjVO,spanish english rap remix
19_mixed_english_spanish_remix,My Super Cool Kid,Big Burn,My Super Cool Kid,,False,spotify:track:1mUEX2jyCbhrFcCa62Yb5H,spanish english rap remix
19_mixed_english_spanish_remix,U.O.E.N.O.,"Rocko, Future, A$AP Rocky",U.O.E.N.O. Remix (feat. Future & A$AP Rocky),,False,spotify:track:3oCxDQkFOsmudc5b1xQPC8,spanish english rap remix
19_mixed_english_spanish_remix,Hola Oye 2,"Jayo The Beatslayer, Mingo",Hola Oye 2,,False,spotify:track:5hnldl2BeRMsK0qpuo0d01,spanish english rap remix
19_mixed_english_spanish_remix,Café Con Cadenas,Qbana80 Mystic Legacy,Café Con Cadenas,,False,spotify:track:0g10LIxZ14x53phjaBzBzy,spanish english rap remix
19_mixed_english_spanish_remix,Vaaitchu Senjiduven,Rusty Roosti Productions,Vaaitchu Senjiduven,,False,spotify:track:38XtdOXis9X4wNu0bnGPoq,spanish english rap remix
19_mixed_english_spanish_remix,Tu No Metes Cabra - Remix,"Bad Bunny, Daddy Yankee, Anuel AA, Cosculluela",Tu No Metes Cabra Remix,,True,spotify:track:6ipDE6Y0xrjEeaBTuPfW1K,reggaeton hip hop remix
19_mixed_english_spanish_remix,BBLŞH,Marwan Pablo,PRJKTBLUBEAM,,False,spotify:track:4XJVwELcAQ6UxYSexeGsiW,reggaeton hip hop remix
19_mixed_english_spanish_remix,Urban Love Story,Datarunner,AI Rave Memoirs: Volume 1,,False,spotify:track:4iWLHa4CvTDa75UnK46QzH,reggaeton hip hop remix
19_mixed_english_spanish_remix,"3G (feat. Jon Z, Don Chezina, Chencho Corleone & Myke Towers) - Remix","Wisin, Yandel, Farruko, Jon Z, Don Chezina, Chencho Corleone, Myke Towers","3G (feat. Jon Z, Don Chezina, Chencho Corleone & Myke Towers) [Remix]",,False,spotify:track:6dyUkkcyYuDiHOwIRXYOJm,latin trap remix
19_mixed_english_spanish_remix,Ultra Complicado (feat. Sebas) - Remix,"Kenny Die, Blessd, Kris R., Sebas",Ultra Complicado (feat. Sebas) [Remix],,False,spotify:track:569xAmXCkpM3IsEOiG4hWe,latin trap remix
19_mixed_english_spanish_remix,"Go Crazy (Remix) (feat. Young Thug, Future, Lil Durk & Latto)","Chris Brown, Future, Latto, Young Thug, Lil Durk","Go Crazy (Remix) (feat. Young Thug, Future, Lil Durk & Latto)",,True,spotify:track:1Jz1yhcPm1Yt6aoed3zact,latin trap remix
19_mixed_english_spanish_remix,VINI,Afroto,أفضل أغانى 2024,,False,spotify:track:0Aypdwvr4hI65QVNax6RIp,latin trap remix
19_mixed_english_spanish_remix,Malianteo - Remix,"DreamSMusic, Dj Alexis Najera",Malianteo (Remix),,True,spotify:track:1cnlkUObhOnaaNiGIGazSG,malianteo remix
19_mixed_english_spanish_remix,Malianteo (Remix) [Instrumental],DJ Kutek,Gata Only & Malianteo (Beats),,False,spotify:track:78Cvj7mBzkDT4hAcYx2eQc,malianteo remix
19_mixed_english_spanish_remix,Malianteo (Remix),"El Escorpion, JDiaz, Rey Power GS",Mi Corona,,True,spotify:track:3ymDDmccrQEjZgF3lH9gLN,malianteo remix
19_mixed_english_spanish_remix,Perreo Malianteo - Remix,"EL FREGAO, TOÑOKINC",Perreo Malianteo (Remix),,True,spotify:track:2Zmz6rfeBcIsVlz5EGSt3X,malianteo remix
19_mixed_english_spanish_remix,MALIANTEO 505 - REMIX,G DAY505,MALIANTEO 505 (REMIX),,True,spotify:track:6OpljeWewFMgcbvn5PseGq,malianteo remix
19_mixed_english_spanish_remix,Barbie Malianteo,Vega In The Remix,Barbie Malianteo,,False,spotify:track:1bvaUNoihMDZcIeSl7C51W,malianteo remix
19_mixed_english_spanish_remix,edamame (Miky Woodz Remix),"bbno$, Rich Brian, Miky Woodz",edamame (Miky Woodz Remix),,True,spotify:track:717tXhJHXptxaZCl5DXEO9,rap latino remix
19_mixed_english_spanish_remix,Icon - Remix,"Jaden, Nicky Jam",Icon (feat. Nicky Jam) [Remix],,True,spotify:track:77GiFZSewl9oDfivcq3ZlK,rap latino remix
19_mixed_english_spanish_remix,I Like It,"Cardi B, Bad Bunny, J Balvin",I Like It,,True,spotify:track:285jK9VYQKmijjcrjD4CRa,rap latino remix
19_mixed_english_spanish_remix,Wiky Wiky (Remix),Toxic Crow,La Maquina de Cotorra,,False,spotify:track:5kdYciopR2iO70BtWNSjSD,rap latino remix
19_mixed_english_spanish_remix,I Wanna Love You - Remix,"Akon, Snoop Dogg, Tego Calderón",Konvicted (Complete Edition),,True,spotify:track:7p5mNdJbsKUx0iwuIPCfEM,rap latino remix
19_mixed_english_spanish_remix,Loco - Remix,"Jowell & Randy, Wisin & Yandel",Perreo Esenciales,,False,spotify:track:5f6n8wktjzKQofZ4QuafFC,perreo hip hop remix
19_mixed_english_spanish_remix,Camuflaje (Remix),"Alexis y Fido, Arcángel, De La Ghetto",Camuflaje (Remix),,False,spotify:track:1dAQ93kw8Sy9n4JCz2G9Nf,perreo hip hop remix
19_mixed_english_spanish_remix,Perreología - Instrumental Reggaeton,100Beat,Perreología (Instrumental Reggaeton),,False,spotify:track:1njnRACvDNa4MGrCD9LSLg,perreo hip hop remix
19_mixed_english_spanish_remix,"Welcome To Atlanta (feat. P. Diddy, Snoop Dogg & Murphy Lee) - Coast 2 Coast Radio Remix","Jermaine Dupri, Diddy, Snoop Dogg, Murphy Lee",So So Def presents: Definition of a Remix feat. Jermaine Dupri and Jagged Edge (This Is The Remix) (Clean Version),,False,spotify:track:0Ztr6c4Ya3qqqs8rjd2ZTe,perreo hip hop remix
19_mixed_english_spanish_remix,Lotto - Remix,"Joyner Lucas, Yandel, G-Eazy",Lotto (Remix),,True,spotify:track:7I2SncXYa9b6RtlQAKFhP6,G-Eazy latin remix
19_mixed_english_spanish_remix,Lotto - Remix,"Joyner Lucas, Yandel, G-Eazy",Lotto (Remix),,False,spotify:track:13hlMnUfTn9OoEbqwVaN7T,G-Eazy latin remix
19_mixed_english_spanish_remix,Machika - Remix,"J Balvin, G-Eazy, Sfera Ebbasta, Anitta, MC Fioti, Duki, Jeon",Machika (Remix),,False,spotify:track:1lBqTGQ0nX1JeA2m7T51ux,G-Eazy latin remix
19_mixed_english_spanish_remix,Sorry - Latino Remix,"Justin Bieber, J Balvin",Sorry (Latino Remix),,False,spotify:track:3grxgV6Ot8KqtysApjYLs1,G-Eazy latin remix
19_mixed_english_spanish_remix,Hey Yea,NEFFEX,Hey Yea,,True,spotify:track:0S4Y6aIQVMzIrvJkfMMuhj,G-Eazy latin remix
19_mixed_english_spanish_remix,"Still Feelin' It (feat. Snoop Dogg, G-Eazy, Keak Da Sneak, Iamsu!, Nef The Pharaoh & Ezale) - Remix","Mistah F.A.B., Snoop Dogg, G-Eazy, Keak Da Sneak, Iamsu!, Nef The Pharaoh, Ezale",Year 2006,,True,spotify:track:64vocudN4Bh1YUcQ0pVsly,G-Eazy latin remix
19_mixed_english_spanish_remix,"Kickin' Back Being Blue (feat. Glasses Malone, Big Tray Deee, Lil Eazy-E, Tha Chill & Big 2da Boy) - Remix","Mr. Criminal, Glasses Malone, Big Tray Deee, Lil Eazy-E, Tha Chill, Big 2da Boy",L.W.A: Latin with Attitude,,True,spotify:track:0kMK48PVW8FtSgJbdv31ko,G-Eazy latin remix
19_mixed_english_spanish_remix,Still Feelin' It (Remix),"Mistah F.A.B., Snoop Dogg, G-Eazy, Keak Da Sneak, Iamsu!, Nef The Pharaoh, Ezale","Still Feelin' It (Remix) [feat. Snoop Dogg, G-Eazy, Keak Da Sneak, Iamsu!, Nef The Pharaoh & Ezale]",,True,spotify:track:0bfhRCKatVObrZOwT6s9Xn,G-Eazy latin remix
19_mixed_english_spanish_remix,Cross The Country,Migos,Rich Ni**a Timeline,,True,spotify:track:2nnpjt1RG3QjRIR63OVmvh,trap latino english remix
19_mixed_english_spanish_remix,"Tranquilo (Remix Oficial) feat. Kris R., iZaak","Louis BPM, Farruko, J Balvin, Kris R., iZaak, Hey López","Tranquilo (Remix Oficial) feat. Kris R., iZaak",,False,spotify:track:0J2sWV6wNwKvSoaadiZ5LK,trap latino english remix
19_mixed_english_spanish_remix,"Tranquilo (Remix Oficial) feat. Kris R., iZaak","Louis BPM, Farruko, J Balvin, Kris R., iZaak, Hey López",167BPM,,False,spotify:track:6qfkKyToTku5bte1A76U5U,trap latino english remix
19_mixed_english_spanish_remix,Banana Split - 1010! Remix,"Pedro Peligro, C.Terrible, Klan, Socio Ejecutor, KMI420, Trueno, Babi Blackbull, 1010!",Banana Split (1010! Remix),,False,spotify:track:1WQlaA9OKINkwCHAPqYNQg,trap latino english remix
19_mixed_english_spanish_remix,Again (feat. Gucci Mane),"Young Thug, Gucci Mane",Slime Season,,True,spotify:track:59arK2KUTpNWYavlhY8EpL,trap latino english remix
19_mixed_english_spanish_remix,Trap Queen Beat Four,Saucemankeys,Trap Queen Vol. 1,,False,spotify:track:57Uc8olo1rwkUiljtFRxKG,trap latino english remix
19_mixed_english_spanish_remix,Banana Split - 1010! Remix,"Pedro Peligro, C.Terrible, Klan, Socio Ejecutor, KMI420, Trueno, Babi Blackbull, 1010!",Están Vivos,,False,spotify:track:33EAF6dIKjUwTVh49CGqeX,trap latino english remix
19_mixed_english_spanish_remix,Profugo,"Darell, Lil Geniuz",Darell 2024,,True,spotify:track:1yCdI7dhzSC79sbq5moiGr,trap latino english remix
19_mixed_english_spanish_remix,Trap Global,"Blvzt, Nairox",Trap Global,,True,spotify:track:2Ug86dtMZILim4EvjqWaF1,trap latino english remix
19_mixed_english_spanish_remix,Algo Más,"LA GURU, Rap Bang Club",GURUNDANGA,,False,spotify:track:6rh1m4Z5uFozpwPtveG97A,club latin rap
19_mixed_english_spanish_remix,Ciego por el Club,"C.R.O, Recycled J, Selecta, Cruzzi, Israel B",Ciego por el Club,,True,spotify:track:3SuPjEkaZ5Pub3JYHVboMc,club latin rap
19_mixed_english_spanish_remix,OMG (feat. Snoop Dogg),"Arash, Snoop Dogg",OMG (feat. Snoop Dogg),,False,spotify:track:59bnZbhyrWhJJPrwyOA18D,club latin rap
19_mixed_english_spanish_remix,Yantaz Club,MARCOS YTZ,Yantaz Club,,False,spotify:track:6N3U7jObNcuEJRt6keu45E,club latin rap
19_mixed_english_spanish_remix,I Like It,"Cardi B, Bad Bunny, J Balvin",Club Brat,,True,spotify:track:00FEaOb0x9vCynXyahMyk9,club latin rap
19_mixed_english_spanish_remix,S&S,LACAZETTE,LID,,True,spotify:track:0dAorlY72lV0wIFf7ZWLsd,club latin rap
19_mixed_english_spanish_remix,CTRL,Marwan Pablo,CTRL,,False,spotify:track:6gDd7m57FDznq1nSj57gr0,club latin rap
20_global_filler_all_styles,Arab Trap 4 Enta,DJ KABOO,Arab Trap 4 Enta,,False,spotify:track:3TuGASGaAh5qdDRENz2LJb,global trap
20_global_filler_all_styles,Global,Lil Baby,Street Gossip,,True,spotify:track:7cW1wHpSLYgKWzoWlOCPFJ,global trap
20_global_filler_all_styles,Global,KATO2X,Global,,True,spotify:track:6xeog4WFb7cEpVcvEsBzRt,global trap
20_global_filler_all_styles,Trap,"SAINt JHN, Lil Baby",Angsty Beats 2024,,True,spotify:track:06f6rltgixuV1hkSPvwE0A,global trap
20_global_filler_all_styles,Lick,Offset,Best of Rap,,True,spotify:track:44uF8DNeuCzdr6SnjydJ7x,global trap
20_global_filler_all_styles,Latin Rap,Yozot,Enpc2021,,True,spotify:track:7GyhPCQV3Y0wCwTcVqgBok,latin rap
20_global_filler_all_styles,El Anciano y el Niño,Cheo Gallego,El Anciano y el Niño,,False,spotify:track:1sajOsIfI8ncxrb1I7Ak5D,latin rap
20_global_filler_all_styles,I Like It,"Cardi B, Bad Bunny, J Balvin",Invasion of Privacy,,True,spotify:track:58q2HKrzhC3ozto2nDdN4z,latin rap
20_global_filler_all_styles,Return of the Tres,Delinquent Habits,Merry Go Round,,True,spotify:track:4XYsx8ga3fGwEFOOcauPZC,latin rap
20_global_filler_all_styles,Thootie (feat. Tokischa),"Ice Spice, Tokischa",Thootie (feat. Tokischa),,True,spotify:track:6mHIYI9coRzaIlqE6rPNN5,latin rap
20_global_filler_all_styles,el makaan,Marwan Moussa,MATADOR,,False,spotify:track:7JEHNCntq0PXEBNZfwTH1p,latin rap
20_global_filler_all_styles,INTERNATIONAL GANGSTAS,"Farid Bang, CAPO, 6ix9ine, SCH",INTERNATIONAL GANGSTAS,,True,spotify:track:7aJ12IiRRu2EQsTnqVkin2,international hip hop
20_global_filler_all_styles,International Love (feat. Chris Brown),"Pitbull, Chris Brown",Planet Pit (Deluxe Version),,False,spotify:track:62zFEHfAYl5kdHYOivj4BC,international hip hop
20_global_filler_all_styles,INTERNATIONAL,ALBLAK 52,Streets Echo 2052,,True,spotify:track:3iyw1fxsEnn1OUxOHhgeKd,international hip hop
20_global_filler_all_styles,Drop The World,"Lil Wayne, Eminem",Rebirth (International Explicit Deluxe Version),,True,spotify:track:77q65VGEbRnJlnX50UfnZS,international hip hop
20_global_filler_all_styles,Mujeres In The Club,"Wisin & Yandel, 50 Cent",La Revolución - Evolution (International Version),,False,spotify:track:17dcxETEhVEBLnttCzjzHi,international hip hop
20_global_filler_all_styles,Les menottes,L'Algérino,International,,True,spotify:track:4Imi1rFR3ptgSLT7CQrVo2,international hip hop
20_global_filler_all_styles,FUNK INFERNAL (4KBATU Remix),"DYGO, Mxng0, 4KBATU",FUNK INFERNAL (Remix),,False,spotify:track:5psX79mLLQLOt6DAfGp6BK,trap remix 2025
20_global_filler_all_styles,you broke my heart (Hoodtrap / Mylancore Remix),"kobzx2z, Myla, Kryd",you broke my heart (Hoodtrap / Mylancore Remix),,False,spotify:track:217s7lvmWNl9x6WhjwQB3F,trap remix 2025
20_global_filler_all_styles,Here (Hoodtrap / Mylancore) SLOWED,Kryd,Here (Hoodtrap / Mylancore),,False,spotify:track:5BIQsFA6f65XawUtapY8FH,trap remix 2025
20_global_filler_all_styles,Legends (with Lil Baby),"Quavo, Lil Baby",Legends (with Lil Baby),,True,spotify:track:4LRxmoIbLJDcvEhqFgSF29,trap remix 2025
20_global_filler_all_styles,Hellcat Music,Kaix,Hellcat Music,,True,spotify:track:22QLZzQFtytNRJNzzkPYM6,trap remix 2025
20_global_filler_all_styles,YAYA - Remix,"Compton Av, Steelz, Snoop Dogg, 310babii",YAYA (Remix),,True,spotify:track:6qHrLC17ZY2ZA6b7udhPps,rap remix 2025
20_global_filler_all_styles,Helios Rap Remix (Full Mix),Xhomie34,Helios Rap Remix (Full Mix),,False,spotify:track:5Z4muAaYFNfhjZtJWhy3gF,rap remix 2025
20_global_filler_all_styles,10 AD,Salmo,Hellvisback 10 Years Later,,False,spotify:track:4Hqilaso9WLDG63QMKYINa,rap remix 2025
20_global_filler_all_styles,wacced out murals,Kendrick Lamar,GNX,,True,spotify:track:5gOfC9UzZQzTyShqPMrpjT,rap remix 2025
20_global_filler_all_styles,Balaclava - Remix,"Balvclava, Moha Prod",Balaclava (Remix),,False,spotify:track:5fqsZnbIG2l9HlA3GRoUB3,rap remix 2025
20_global_filler_all_styles,"Gasolina - Dj Buddha Remix - with Pitbull, Lil Jon, Noriega, Dj Buddha","Daddy Yankee, Pitbull, DJ Buddha, Lil Jon, Noriega","Reggaeton! (18 Latin Hits, The Very Best of Reggaeton, Dembow, Urban)",,False,spotify:track:23YaKmzWDeP2wagOfz2mUY,reggaeton remix 2025
20_global_filler_all_styles,Ba Ba Bad Remix,"Kybba, Sean Paul, Ryan Castro, Busy Signal",How You Bad Suh,,False,spotify:track:0lMafSfME2iJEE972bsQaK,reggaeton remix 2025
20_global_filler_all_styles,"Baila Morena (with Luny Tunes, Noriega) - Remix","Hector & Tito, Luny Tunes, Noriega",Baila Morena (Reggaeton Mix),,False,spotify:track:4qbi9JDziBh3cxi9SFUbeu,reggaeton remix 2025
20_global_filler_all_styles,"Baila Morena - Remix - with Luny Tunes, Noriega","Hector & Tito, Luny Tunes, Noriega","Reggaeton! (18 Latin Hits, The Very Best of Reggaeton, Dembow, Urban)",,False,spotify:track:62YOeYwOWaViAH1TOt706H,reggaeton remix 2025
20_global_filler_all_styles,Hooka,"Don Omar, Plan B",Meet The Orphans,,False,spotify:track:0BenZn1xELuxhb7Pjwyjxv,reggaeton remix 2025
20_global_filler_all_styles,La Polla de Pablo Motos,arsur,Operación Temazo 3 - Illojuan,,True,spotify:track:1NlkUSjbeLnIp4GT8W1VAF,reggaeton remix 2025
20_global_filler_all_styles,AMOR - Remix,"Emmanuel Cortes, Santa Fe Klan",AMOR (Remix),,False,spotify:track:16KUzRCczhBzuaa2DkgFN2,cumbia remix 2025
20_global_filler_all_styles,AMOR - Remix,"Emmanuel Cortes, Santa Fe Klan",Amor x Dosis,,False,spotify:track:1dVVhJmYqJFng3RNXgWhBI,cumbia remix 2025
20_global_filler_all_styles,Cumbia Despecha’ (Quítame ese hombre / Señor / Rata de dos patas / El hombre que yo amo),Las Posada,Cumbia Despecha’,,False,spotify:track:1KZjI6NR43dkh7NMTVEdxn,cumbia remix 2025
20_global_filler_all_styles,No Rain No Pain - Remix,Just Adino,DOJA V2: Vault Sessions,,True,spotify:track:7GyMBaYYN8dBmqtkeg0HD1,cumbia remix 2025
20_global_filler_all_styles,N.S.E.G. (Remix) (feat. Les Twins),"Black M, Les Twins","Alpha, Pt. 1",,True,spotify:track:2gR94TFy0yHQYZElKqfuYf,cumbia remix 2025
20_global_filler_all_styles,A Year Unfolds,imjackofficiallyai,A Year Unfolds,,False,spotify:track:5mHPS8C8SsX7SsO6lOIEaX,cumbia remix 2025
20_global_filler_all_styles,"East Coast REMIX (feat. Busta Rhymes, A$AP Rocky, Dave East, French Montana, Rick Ross & Snoop Dogg)","A$AP Ferg, Busta Rhymes, A$AP Rocky, Dave East, French Montana, Rick Ross, Snoop Dogg",Still Striving,,True,spotify:track:3m4khUCvqSz5Rv2QS14rUh,Persian rap remix
20_global_filler_all_styles,Jam Khali Bood - Remix,Yaser Binam,Jam Khali Bood (Remix),,False,spotify:track:01ztMHKats16Ozk0VjqxgM,Persian rap remix
20_global_filler_all_styles,I'm So Hood Remix,"DJ Khaled, Jeezy, Ludacris, Big Boi, Busta Rhymes, Lil Wayne, Fat Joe, Baby, Rick Ross, T-Pain",Southern Mixtape Exclusives 3,,True,spotify:track:6dvvFXqdKuJpHHWoRzop47,Persian rap remix
20_global_filler_all_styles,"All I Do Is Win (feat. T-Pain, Ludacris, Snoop Dogg & Rick Ross)",DJ Khaled,Victory,,True,spotify:track:5NEKjqTQPKiqOiOG8YxLdS,Persian rap remix
20_global_filler_all_styles,Malianteo,"Goia, INDI",Malianteo,,False,spotify:track:03rTILBbmOYPQ4hGBup6QK,malianteo 2025
20_global_filler_all_styles,Maliante,"3Pz, Real Anti",Maliante,,True,spotify:track:5T15Eg4F4bn5uTtQgFr8gX,malianteo 2025
20_global_filler_all_styles,Malianteo Gitano,"La Mafia del Amor, Marko Italia, Hakim",Mafioseo (Volumen 2),,True,spotify:track:4gfi9vYWY4cJ5iRGDCPVcS,malianteo 2025
20_global_filler_all_styles,Me piden,F4 Oficial,Me piden,,False,spotify:track:7hEYBflg6rHwdWdsULWbci,malianteo 2025
20_global_filler_all_styles,Bacana,F4 Oficial,Bacana,,False,spotify:track:1qDxsI5bIRL7pOJEH3XOJb,malianteo 2025
20_global_filler_all_styles,MONTAGEM RELACIONISTA JUDICIAL RKT - Super Slowed,"DJ Raulipues, DJ SILVER ZN, DJ MZK 07",MONTAGEM RELACIONISTA JUDICIAL RKT,,False,spotify:track:3MPNlK986yp4QOFBChLeEJ,RKT 2025
20_global_filler_all_styles,الجاى بتاعى,Houda,الجاى بتاعى,,False,spotify:track:2EzXzEvgdT4a0ARx526brr,RKT 2025
20_global_filler_all_styles,Rakata,"BACOLE, AFROTECH",Rakata,,False,spotify:track:1ALPWTB3jaxN3DmujMLHdz,RKT 2025
20_global_filler_all_styles,الزم معايا حدودك ( بما ان كلو اتجاحد ),Essam Sasa,الزم معايا حدودك ( بما ان كلو اتجاحد ),,False,spotify:track:2QScm7uOWDXD26SVII5GJr,RKT 2025
20_global_filler_all_styles,الحكاية بدات هزار ( عملو قعدة وخططولي ),Karim Cristiano,الحكاية بدات هزار ( عملو قعدة وخططولي ),,False,spotify:track:4mM1iyCwj9c6MHOM8xzyYw,RKT 2025
20_global_filler_all_styles,انتي فاكرة لما تمشي,Eslam Kabonga,انتي فاكرة لما تمشي,,False,spotify:track:6tSEGhG8qJe8LMHaoLS6zq,RKT 2025
